DrugID,DiseaseID,Drugs
DB00006,MESH:D001919,DB00067
DB00006,MESH:D006417,DB00067
DB00006,MESH:D007022,DB00067
DB00006,MESH:D007673,DB00067
DB00006,MESH:D007683,DB00067
DB00006,MESH:D009336,DB00067
DB00006,MESH:D018879,DB00067
DB00006,MESH:D056987,DB00067
DB00007,MESH:D001919,DB00067
DB00007,MESH:D006417,DB00067
DB00007,MESH:D007022,DB00067
DB00007,MESH:D007673,DB00067
DB00007,MESH:D007683,DB00067
DB00007,MESH:D009336,DB00067
DB00007,MESH:D018879,DB00067
DB00007,MESH:D056987,DB00067
DB00007,MESH:D006470,DB00067
DB00007,MESH:D017202,DB00067
DB00014,MESH:D001919,DB00067
DB00014,MESH:D006417,DB00067
DB00014,MESH:D007022,DB00067
DB00014,MESH:D007673,DB00067
DB00014,MESH:D007683,DB00067
DB00014,MESH:D009336,DB00067
DB00014,MESH:D018879,DB00067
DB00014,MESH:D056987,DB00067
DB00014,MESH:D006470,DB00067
DB00014,MESH:D017202,DB00067
DB00027,MESH:D001919,DB00067
DB00027,MESH:D006417,DB00067
DB00027,MESH:D007022,DB00067
DB00027,MESH:D007673,DB00067
DB00027,MESH:D007683,DB00067
DB00027,MESH:D009336,DB00067
DB00027,MESH:D018879,DB00067
DB00027,MESH:D056987,DB00067
DB00027,MESH:D006470,DB00067
DB00027,MESH:D017202,DB00067
DB00035,MESH:D001919,DB00067
DB00035,MESH:D006417,DB00067
DB00035,MESH:D007022,DB00067
DB00035,MESH:D007673,DB00067
DB00035,MESH:D007683,DB00067
DB00035,MESH:D009336,DB00067
DB00035,MESH:D018879,DB00067
DB00035,MESH:D056987,DB00067
DB00035,MESH:D006470,DB00067
DB00035,MESH:D017202,DB00067
DB00050,MESH:D001919,DB00067
DB00050,MESH:D006417,DB00067
DB00050,MESH:D007022,DB00067
DB00050,MESH:D007673,DB00067
DB00050,MESH:D007683,DB00067
DB00050,MESH:D009336,DB00067
DB00050,MESH:D018879,DB00067
DB00050,MESH:D056987,DB00067
DB00050,MESH:D006470,DB00067
DB00050,MESH:D017202,DB00067
DB00080,MESH:D001919,DB00067
DB00080,MESH:D006417,DB00067
DB00080,MESH:D007022,DB00067
DB00080,MESH:D007673,DB00067
DB00080,MESH:D007683,DB00067
DB00080,MESH:D009336,DB00067
DB00080,MESH:D018879,DB00067
DB00080,MESH:D056987,DB00067
DB00080,MESH:D006470,DB00067
DB00080,MESH:D017202,DB00067
DB00091,MESH:D001919,DB00067
DB00091,MESH:D007022,DB00067
DB00091,MESH:D007673,DB00067
DB00091,MESH:D018879,DB00067
DB00091,MESH:D056987,DB00067
DB00091,MESH:D017202,DB00067
DB00093,MESH:D001919,DB00067
DB00093,MESH:D006417,DB00067
DB00093,MESH:D007022,DB00067
DB00093,MESH:D007673,DB00067
DB00093,MESH:D007683,DB00067
DB00093,MESH:D018879,DB00067
DB00093,MESH:D056987,DB00067
DB00093,MESH:D006470,DB00067
DB00093,MESH:D017202,DB00067
DB00006,MESH:D001927,DB00091
DB00006,MESH:D001928,DB00091
DB00006,MESH:D001930,DB00091
DB00006,MESH:D001943,DB00091
DB00006,MESH:D002114,DB00091
DB00006,MESH:D002294,DB00091
DB00006,MESH:D002375,DB00091
DB00006,MESH:D002471,DB00091
DB00006,MESH:D002494,DB00091
DB00006,MESH:D002543,DB00091
DB00006,MESH:D002561,DB00091
DB00006,MESH:D002769,DB00091
DB00006,MESH:D002779,DB00091
DB00006,MESH:D002780,DB00091
DB00006,MESH:D003072,DB00091
DB00006,MESH:D003093,DB00091
DB00006,MESH:D003128,DB00091
DB00006,MESH:D003221,DB00091
DB00006,MESH:D003556,DB00091
DB00006,MESH:D003693,DB00091
DB00006,MESH:D003866,DB00091
DB00006,MESH:D003920,DB00091
DB00006,MESH:D003967,DB00091
DB00006,MESH:D004409,DB00091
DB00006,MESH:D004751,DB00091
DB00006,MESH:D005076,DB00091
DB00006,MESH:D005128,DB00091
DB00006,MESH:D005158,DB00091
DB00006,MESH:D005221,DB00091
DB00006,MESH:D005234,DB00091
DB00006,MESH:D005334,DB00091
DB00006,MESH:D005355,DB00091
DB00006,MESH:D005483,DB00091
DB00006,MESH:D005767,DB00091
DB00006,MESH:D005885,DB00091
DB00006,MESH:D005886,DB00091
DB00006,MESH:D005891,DB00091
DB00006,MESH:D005923,DB00091
DB00006,MESH:D006073,DB00091
DB00006,MESH:D006086,DB00091
DB00006,MESH:D006212,DB00091
DB00006,MESH:D006261,DB00091
DB00006,MESH:D006311,DB00091
DB00006,MESH:D006319,DB00091
DB00006,MESH:D006331,DB00091
DB00006,MESH:D006402,DB00091
DB00006,MESH:D006417,DB00091
DB00006,MESH:D006457,DB00091
DB00006,MESH:D006463,DB00091
DB00006,MESH:D006504,DB00091
DB00006,MESH:D006526,DB00091
DB00006,MESH:D006628,DB00091
DB00006,MESH:D006932,DB00091
DB00006,MESH:D006937,DB00091
DB00006,MESH:D006947,DB00091
DB00006,MESH:D006949,DB00091
DB00006,MESH:D006965,DB00091
DB00006,MESH:D006966,DB00091
DB00006,MESH:D006970,DB00091
DB00006,MESH:D006973,DB00091
DB00006,MESH:D006977,DB00091
DB00006,MESH:D006983,DB00091
DB00006,MESH:D007154,DB00091
DB00006,MESH:D007239,DB00091
DB00006,MESH:D007410,DB00091
DB00006,MESH:D007638,DB00091
DB00006,MESH:D007674,DB00091
DB00006,MESH:D007680,DB00091
DB00006,MESH:D007683,DB00091
DB00006,MESH:D007968,DB00091
DB00006,MESH:D008107,DB00091
DB00006,MESH:D008664,DB00091
DB00006,MESH:D009069,DB00091
DB00006,MESH:D009102,DB00091
DB00006,MESH:D009135,DB00091
DB00006,MESH:D009140,DB00091
DB00006,MESH:D009157,DB00091
DB00006,MESH:D009202,DB00091
DB00006,MESH:D009325,DB00091
DB00006,MESH:D009336,DB00091
DB00006,MESH:D009395,DB00091
DB00006,MESH:D009397,DB00091
DB00006,MESH:D009402,DB00091
DB00006,MESH:D009404,DB00091
DB00006,MESH:D009410,DB00091
DB00006,MESH:D009422,DB00091
DB00006,MESH:D009437,DB00091
DB00006,MESH:D009468,DB00091
DB00006,MESH:D009503,DB00091
DB00006,MESH:D009765,DB00091
DB00006,MESH:D010051,DB00091
DB00006,MESH:D010146,DB00091
DB00006,MESH:D010148,DB00091
DB00006,MESH:D010195,DB00091
DB00006,MESH:D010243,DB00091
DB00006,MESH:D010291,DB00091
DB00006,MESH:D010292,DB00091
DB00006,MESH:D010392,DB00091
DB00006,MESH:D010523,DB00091
DB00006,MESH:D011041,DB00091
DB00006,MESH:D011183,DB00091
DB00006,MESH:D011230,DB00091
DB00006,MESH:D011297,DB00091
DB00006,MESH:D011507,DB00091
DB00006,MESH:D011529,DB00091
DB00006,MESH:D011565,DB00091
DB00006,MESH:D011655,DB00091
DB00006,MESH:D011697,DB00091
DB00006,MESH:D012008,DB00091
DB00006,MESH:D012170,DB00091
DB00006,MESH:D012206,DB00091
DB00006,MESH:D012516,DB00091
DB00006,MESH:D012594,DB00091
DB00006,MESH:D012640,DB00091
DB00006,MESH:D012769,DB00091
DB00006,MESH:D013086,DB00091
DB00006,MESH:D013226,DB00091
DB00006,MESH:D013262,DB00091
DB00006,MESH:D013281,DB00091
DB00006,MESH:D013375,DB00091
DB00006,MESH:D013610,DB00091
DB00006,MESH:D013923,DB00091
DB00006,MESH:D014202,DB00091
DB00006,MESH:D014456,DB00091
DB00006,MESH:D014605,DB00091
DB00006,MESH:D014652,DB00091
DB00006,MESH:D014839,DB00091
DB00006,MESH:D014890,DB00091
DB00006,MESH:D014985,DB00091
DB00006,MESH:D015228,DB00091
DB00006,MESH:D015427,DB00091
DB00006,MESH:D015431,DB00091
DB00006,MESH:D015866,DB00091
DB00006,MESH:D016553,DB00091
DB00006,MESH:D017114,DB00091
DB00006,MESH:D017379,DB00091
DB00006,MESH:D018149,DB00091
DB00006,MESH:D018487,DB00091
DB00006,MESH:D018771,DB00091
DB00006,MESH:D018908,DB00091
DB00006,MESH:D019214,DB00091
DB00006,MESH:D019575,DB00091
DB00006,MESH:D019694,DB00091
DB00006,MESH:D020141,DB00091
DB00006,MESH:D020230,DB00091
DB00006,MESH:D020246,DB00091
DB00006,MESH:D020258,DB00091
DB00006,MESH:D020275,DB00091
DB00006,MESH:D020434,DB00091
DB00006,MESH:D033461,DB00091
DB00006,MESH:D050171,DB00091
DB00006,MESH:D050500,DB00091
DB00006,MESH:D051436,DB00091
DB00006,MESH:D051437,DB00091
DB00006,MESH:D052016,DB00091
DB00006,MESH:D053099,DB00091
DB00006,MESH:D053159,DB00091
DB00006,MESH:D054038,DB00091
DB00006,MESH:D054198,DB00091
DB00006,MESH:D054218,DB00091
DB00006,MESH:D056486,DB00091
DB00006,MESH:D056784,DB00091
DB00006,MESH:D057049,DB00091
DB00006,MESH:D057772,DB00091
DB00006,MESH:D058186,DB00091
DB00006,MESH:D064420,DB00091
DB00006,OMIM:146850,DB00091
DB00007,MESH:D001927,DB00091
DB00007,MESH:D001928,DB00091
DB00007,MESH:D001930,DB00091
DB00007,MESH:D001943,DB00091
DB00007,MESH:D002114,DB00091
DB00007,MESH:D002294,DB00091
DB00007,MESH:D002471,DB00091
DB00007,MESH:D002494,DB00091
DB00007,MESH:D002561,DB00091
DB00007,MESH:D002769,DB00091
DB00007,MESH:D002779,DB00091
DB00007,MESH:D002780,DB00091
DB00007,MESH:D003093,DB00091
DB00007,MESH:D003128,DB00091
DB00007,MESH:D003221,DB00091
DB00007,MESH:D003556,DB00091
DB00007,MESH:D003693,DB00091
DB00007,MESH:D003866,DB00091
DB00007,MESH:D003920,DB00091
DB00007,MESH:D003967,DB00091
DB00007,MESH:D004409,DB00091
DB00007,MESH:D004751,DB00091
DB00007,MESH:D005076,DB00091
DB00007,MESH:D005128,DB00091
DB00007,MESH:D005158,DB00091
DB00007,MESH:D005221,DB00091
DB00007,MESH:D005334,DB00091
DB00007,MESH:D005355,DB00091
DB00007,MESH:D005483,DB00091
DB00007,MESH:D005767,DB00091
DB00007,MESH:D005885,DB00091
DB00007,MESH:D005886,DB00091
DB00007,MESH:D005891,DB00091
DB00007,MESH:D005923,DB00091
DB00007,MESH:D006073,DB00091
DB00007,MESH:D006086,DB00091
DB00007,MESH:D006212,DB00091
DB00007,MESH:D006311,DB00091
DB00007,MESH:D006319,DB00091
DB00007,MESH:D006331,DB00091
DB00007,MESH:D006402,DB00091
DB00007,MESH:D006417,DB00091
DB00007,MESH:D006457,DB00091
DB00007,MESH:D006463,DB00091
DB00007,MESH:D006504,DB00091
DB00007,MESH:D006526,DB00091
DB00007,MESH:D006628,DB00091
DB00007,MESH:D006932,DB00091
DB00007,MESH:D006937,DB00091
DB00007,MESH:D006947,DB00091
DB00007,MESH:D006949,DB00091
DB00007,MESH:D006965,DB00091
DB00007,MESH:D006966,DB00091
DB00007,MESH:D006970,DB00091
DB00007,MESH:D006973,DB00091
DB00007,MESH:D006977,DB00091
DB00007,MESH:D006983,DB00091
DB00007,MESH:D007154,DB00091
DB00007,MESH:D007239,DB00091
DB00007,MESH:D007410,DB00091
DB00007,MESH:D007638,DB00091
DB00007,MESH:D007674,DB00091
DB00007,MESH:D007680,DB00091
DB00007,MESH:D007683,DB00091
DB00007,MESH:D007968,DB00091
DB00007,MESH:D008107,DB00091
DB00007,MESH:D008664,DB00091
DB00007,MESH:D009069,DB00091
DB00007,MESH:D009102,DB00091
DB00007,MESH:D009140,DB00091
DB00007,MESH:D009157,DB00091
DB00007,MESH:D009202,DB00091
DB00007,MESH:D009325,DB00091
DB00007,MESH:D009336,DB00091
DB00007,MESH:D009395,DB00091
DB00007,MESH:D009397,DB00091
DB00007,MESH:D009402,DB00091
DB00007,MESH:D009404,DB00091
DB00007,MESH:D009410,DB00091
DB00007,MESH:D009422,DB00091
DB00007,MESH:D009437,DB00091
DB00007,MESH:D009468,DB00091
DB00007,MESH:D009503,DB00091
DB00007,MESH:D009765,DB00091
DB00007,MESH:D010051,DB00091
DB00007,MESH:D010146,DB00091
DB00007,MESH:D010148,DB00091
DB00007,MESH:D010195,DB00091
DB00007,MESH:D010243,DB00091
DB00007,MESH:D010291,DB00091
DB00007,MESH:D010292,DB00091
DB00007,MESH:D010392,DB00091
DB00007,MESH:D010523,DB00091
DB00007,MESH:D011041,DB00091
DB00007,MESH:D011183,DB00091
DB00007,MESH:D011230,DB00091
DB00007,MESH:D011297,DB00091
DB00007,MESH:D011507,DB00091
DB00007,MESH:D011529,DB00091
DB00007,MESH:D011565,DB00091
DB00007,MESH:D011655,DB00091
DB00007,MESH:D011697,DB00091
DB00007,MESH:D012008,DB00091
DB00007,MESH:D012206,DB00091
DB00007,MESH:D012516,DB00091
DB00007,MESH:D012594,DB00091
DB00007,MESH:D012640,DB00091
DB00007,MESH:D012769,DB00091
DB00007,MESH:D013086,DB00091
DB00007,MESH:D013226,DB00091
DB00007,MESH:D013262,DB00091
DB00007,MESH:D013281,DB00091
DB00007,MESH:D013375,DB00091
DB00007,MESH:D013610,DB00091
DB00007,MESH:D013923,DB00091
DB00007,MESH:D014202,DB00091
DB00007,MESH:D014456,DB00091
DB00007,MESH:D014605,DB00091
DB00007,MESH:D014652,DB00091
DB00007,MESH:D014839,DB00091
DB00007,MESH:D014890,DB00091
DB00007,MESH:D014985,DB00091
DB00007,MESH:D015228,DB00091
DB00007,MESH:D015427,DB00091
DB00007,MESH:D015431,DB00091
DB00007,MESH:D015866,DB00091
DB00007,MESH:D016553,DB00091
DB00007,MESH:D017114,DB00091
DB00007,MESH:D017379,DB00091
DB00007,MESH:D018149,DB00091
DB00007,MESH:D018487,DB00091
DB00007,MESH:D018908,DB00091
DB00007,MESH:D019214,DB00091
DB00007,MESH:D019575,DB00091
DB00007,MESH:D019694,DB00091
DB00007,MESH:D020141,DB00091
DB00007,MESH:D020230,DB00091
DB00007,MESH:D020258,DB00091
DB00007,MESH:D020275,DB00091
DB00007,MESH:D020434,DB00091
DB00007,MESH:D033461,DB00091
DB00007,MESH:D050171,DB00091
DB00007,MESH:D050500,DB00091
DB00007,MESH:D051436,DB00091
DB00007,MESH:D051437,DB00091
DB00007,MESH:D052016,DB00091
DB00007,MESH:D053099,DB00091
DB00007,MESH:D053159,DB00091
DB00007,MESH:D054038,DB00091
DB00007,MESH:D054198,DB00091
DB00007,MESH:D054218,DB00091
DB00007,MESH:D056486,DB00091
DB00007,MESH:D056784,DB00091
DB00007,MESH:D057049,DB00091
DB00007,MESH:D057772,DB00091
DB00007,MESH:D058186,DB00091
DB00007,MESH:D064420,DB00091
DB00007,OMIM:146850,DB00091
DB00007,MESH:D006470,DB00091
DB00007,MESH:D013921,DB00091
DB00007,MESH:D013927,DB00091
DB00014,MESH:D001927,DB00091
DB00014,MESH:D001928,DB00091
DB00014,MESH:D001930,DB00091
DB00014,MESH:D002114,DB00091
DB00014,MESH:D002294,DB00091
DB00014,MESH:D002375,DB00091
DB00014,MESH:D002471,DB00091
DB00014,MESH:D002494,DB00091
DB00014,MESH:D002543,DB00091
DB00014,MESH:D002561,DB00091
DB00014,MESH:D002769,DB00091
DB00014,MESH:D002779,DB00091
DB00014,MESH:D002780,DB00091
DB00014,MESH:D003093,DB00091
DB00014,MESH:D003128,DB00091
DB00014,MESH:D003221,DB00091
DB00014,MESH:D003556,DB00091
DB00014,MESH:D003693,DB00091
DB00014,MESH:D003866,DB00091
DB00014,MESH:D003920,DB00091
DB00014,MESH:D003967,DB00091
DB00014,MESH:D004409,DB00091
DB00014,MESH:D004751,DB00091
DB00014,MESH:D005076,DB00091
DB00014,MESH:D005128,DB00091
DB00014,MESH:D005158,DB00091
DB00014,MESH:D005221,DB00091
DB00014,MESH:D005234,DB00091
DB00014,MESH:D005334,DB00091
DB00014,MESH:D005355,DB00091
DB00014,MESH:D005483,DB00091
DB00014,MESH:D005767,DB00091
DB00014,MESH:D005885,DB00091
DB00014,MESH:D005886,DB00091
DB00014,MESH:D005891,DB00091
DB00014,MESH:D005923,DB00091
DB00014,MESH:D006073,DB00091
DB00014,MESH:D006086,DB00091
DB00014,MESH:D006212,DB00091
DB00014,MESH:D006261,DB00091
DB00014,MESH:D006311,DB00091
DB00014,MESH:D006319,DB00091
DB00014,MESH:D006331,DB00091
DB00014,MESH:D006402,DB00091
DB00014,MESH:D006417,DB00091
DB00014,MESH:D006457,DB00091
DB00014,MESH:D006463,DB00091
DB00014,MESH:D006504,DB00091
DB00014,MESH:D006526,DB00091
DB00014,MESH:D006628,DB00091
DB00014,MESH:D006932,DB00091
DB00014,MESH:D006937,DB00091
DB00014,MESH:D006947,DB00091
DB00014,MESH:D006949,DB00091
DB00014,MESH:D006965,DB00091
DB00014,MESH:D006966,DB00091
DB00014,MESH:D006970,DB00091
DB00014,MESH:D006973,DB00091
DB00014,MESH:D006977,DB00091
DB00014,MESH:D006983,DB00091
DB00014,MESH:D007154,DB00091
DB00014,MESH:D007239,DB00091
DB00014,MESH:D007410,DB00091
DB00014,MESH:D007638,DB00091
DB00014,MESH:D007674,DB00091
DB00014,MESH:D007680,DB00091
DB00014,MESH:D007683,DB00091
DB00014,MESH:D007968,DB00091
DB00014,MESH:D008107,DB00091
DB00014,MESH:D008664,DB00091
DB00014,MESH:D009069,DB00091
DB00014,MESH:D009102,DB00091
DB00014,MESH:D009135,DB00091
DB00014,MESH:D009140,DB00091
DB00014,MESH:D009157,DB00091
DB00014,MESH:D009202,DB00091
DB00014,MESH:D009325,DB00091
DB00014,MESH:D009336,DB00091
DB00014,MESH:D009395,DB00091
DB00014,MESH:D009397,DB00091
DB00014,MESH:D009402,DB00091
DB00014,MESH:D009404,DB00091
DB00014,MESH:D009410,DB00091
DB00014,MESH:D009422,DB00091
DB00014,MESH:D009437,DB00091
DB00014,MESH:D009468,DB00091
DB00014,MESH:D009503,DB00091
DB00014,MESH:D009765,DB00091
DB00014,MESH:D010051,DB00091
DB00014,MESH:D010146,DB00091
DB00014,MESH:D010148,DB00091
DB00014,MESH:D010195,DB00091
DB00014,MESH:D010243,DB00091
DB00014,MESH:D010291,DB00091
DB00014,MESH:D010292,DB00091
DB00014,MESH:D010392,DB00091
DB00014,MESH:D010523,DB00091
DB00014,MESH:D011041,DB00091
DB00014,MESH:D011183,DB00091
DB00014,MESH:D011230,DB00091
DB00014,MESH:D011297,DB00091
DB00014,MESH:D011507,DB00091
DB00014,MESH:D011529,DB00091
DB00014,MESH:D011565,DB00091
DB00014,MESH:D011655,DB00091
DB00014,MESH:D011697,DB00091
DB00014,MESH:D012008,DB00091
DB00014,MESH:D012170,DB00091
DB00014,MESH:D012206,DB00091
DB00014,MESH:D012516,DB00091
DB00014,MESH:D012594,DB00091
DB00014,MESH:D012640,DB00091
DB00014,MESH:D012769,DB00091
DB00014,MESH:D013086,DB00091
DB00014,MESH:D013226,DB00091
DB00014,MESH:D013262,DB00091
DB00014,MESH:D013281,DB00091
DB00014,MESH:D013375,DB00091
DB00014,MESH:D013610,DB00091
DB00014,MESH:D013923,DB00091
DB00014,MESH:D014202,DB00091
DB00014,MESH:D014456,DB00091
DB00014,MESH:D014605,DB00091
DB00014,MESH:D014652,DB00091
DB00014,MESH:D014839,DB00091
DB00014,MESH:D014890,DB00091
DB00014,MESH:D014985,DB00091
DB00014,MESH:D015228,DB00091
DB00014,MESH:D015427,DB00091
DB00014,MESH:D015431,DB00091
DB00014,MESH:D015866,DB00091
DB00014,MESH:D016553,DB00091
DB00014,MESH:D017114,DB00091
DB00014,MESH:D017379,DB00091
DB00014,MESH:D018149,DB00091
DB00014,MESH:D018487,DB00091
DB00014,MESH:D018771,DB00091
DB00014,MESH:D018908,DB00091
DB00014,MESH:D019214,DB00091
DB00014,MESH:D019575,DB00091
DB00014,MESH:D019694,DB00091
DB00014,MESH:D020141,DB00091
DB00014,MESH:D020230,DB00091
DB00014,MESH:D020246,DB00091
DB00014,MESH:D020258,DB00091
DB00014,MESH:D020275,DB00091
DB00014,MESH:D020434,DB00091
DB00014,MESH:D033461,DB00091
DB00014,MESH:D050171,DB00091
DB00014,MESH:D050500,DB00091
DB00014,MESH:D051436,DB00091
DB00014,MESH:D051437,DB00091
DB00014,MESH:D052016,DB00091
DB00014,MESH:D053099,DB00091
DB00014,MESH:D053159,DB00091
DB00014,MESH:D054038,DB00091
DB00014,MESH:D054198,DB00091
DB00014,MESH:D054218,DB00091
DB00014,MESH:D056486,DB00091
DB00014,MESH:D056784,DB00091
DB00014,MESH:D057049,DB00091
DB00014,MESH:D057772,DB00091
DB00014,MESH:D058186,DB00091
DB00014,MESH:D064420,DB00091
DB00014,OMIM:146850,DB00091
DB00014,MESH:D006470,DB00091
DB00014,MESH:D013921,DB00091
DB00014,MESH:D013927,DB00091
DB00014,MESH:D007249,DB00091
DB00027,MESH:D001927,DB00091
DB00027,MESH:D001928,DB00091
DB00027,MESH:D001930,DB00091
DB00027,MESH:D001943,DB00091
DB00027,MESH:D002114,DB00091
DB00027,MESH:D002294,DB00091
DB00027,MESH:D002375,DB00091
DB00027,MESH:D002471,DB00091
DB00027,MESH:D002494,DB00091
DB00027,MESH:D002543,DB00091
DB00027,MESH:D002561,DB00091
DB00027,MESH:D002769,DB00091
DB00027,MESH:D002779,DB00091
DB00027,MESH:D002780,DB00091
DB00027,MESH:D003072,DB00091
DB00027,MESH:D003093,DB00091
DB00027,MESH:D003128,DB00091
DB00027,MESH:D003221,DB00091
DB00027,MESH:D003556,DB00091
DB00027,MESH:D003693,DB00091
DB00027,MESH:D003866,DB00091
DB00027,MESH:D003920,DB00091
DB00027,MESH:D003967,DB00091
DB00027,MESH:D004409,DB00091
DB00027,MESH:D004751,DB00091
DB00027,MESH:D005076,DB00091
DB00027,MESH:D005128,DB00091
DB00027,MESH:D005158,DB00091
DB00027,MESH:D005221,DB00091
DB00027,MESH:D005234,DB00091
DB00027,MESH:D005334,DB00091
DB00027,MESH:D005355,DB00091
DB00027,MESH:D005483,DB00091
DB00027,MESH:D005767,DB00091
DB00027,MESH:D005885,DB00091
DB00027,MESH:D005886,DB00091
DB00027,MESH:D005891,DB00091
DB00027,MESH:D005923,DB00091
DB00027,MESH:D006073,DB00091
DB00027,MESH:D006086,DB00091
DB00027,MESH:D006212,DB00091
DB00027,MESH:D006261,DB00091
DB00027,MESH:D006311,DB00091
DB00027,MESH:D006319,DB00091
DB00027,MESH:D006331,DB00091
DB00027,MESH:D006402,DB00091
DB00027,MESH:D006417,DB00091
DB00027,MESH:D006457,DB00091
DB00027,MESH:D006463,DB00091
DB00027,MESH:D006504,DB00091
DB00027,MESH:D006526,DB00091
DB00027,MESH:D006628,DB00091
DB00027,MESH:D006932,DB00091
DB00027,MESH:D006937,DB00091
DB00027,MESH:D006947,DB00091
DB00027,MESH:D006949,DB00091
DB00027,MESH:D006965,DB00091
DB00027,MESH:D006966,DB00091
DB00027,MESH:D006970,DB00091
DB00027,MESH:D006973,DB00091
DB00027,MESH:D006977,DB00091
DB00027,MESH:D006983,DB00091
DB00027,MESH:D007154,DB00091
DB00027,MESH:D007239,DB00091
DB00027,MESH:D007410,DB00091
DB00027,MESH:D007638,DB00091
DB00027,MESH:D007674,DB00091
DB00027,MESH:D007680,DB00091
DB00027,MESH:D007683,DB00091
DB00027,MESH:D007968,DB00091
DB00027,MESH:D008107,DB00091
DB00027,MESH:D008664,DB00091
DB00027,MESH:D009069,DB00091
DB00027,MESH:D009102,DB00091
DB00027,MESH:D009135,DB00091
DB00027,MESH:D009140,DB00091
DB00027,MESH:D009157,DB00091
DB00027,MESH:D009202,DB00091
DB00027,MESH:D009325,DB00091
DB00027,MESH:D009336,DB00091
DB00027,MESH:D009395,DB00091
DB00027,MESH:D009397,DB00091
DB00027,MESH:D009402,DB00091
DB00027,MESH:D009404,DB00091
DB00027,MESH:D009410,DB00091
DB00027,MESH:D009422,DB00091
DB00027,MESH:D009437,DB00091
DB00027,MESH:D009468,DB00091
DB00027,MESH:D009503,DB00091
DB00027,MESH:D009765,DB00091
DB00027,MESH:D010051,DB00091
DB00027,MESH:D010146,DB00091
DB00027,MESH:D010148,DB00091
DB00027,MESH:D010195,DB00091
DB00027,MESH:D010243,DB00091
DB00027,MESH:D010291,DB00091
DB00027,MESH:D010292,DB00091
DB00027,MESH:D010392,DB00091
DB00027,MESH:D010523,DB00091
DB00027,MESH:D011041,DB00091
DB00027,MESH:D011183,DB00091
DB00027,MESH:D011230,DB00091
DB00027,MESH:D011297,DB00091
DB00027,MESH:D011507,DB00091
DB00027,MESH:D011529,DB00091
DB00027,MESH:D011565,DB00091
DB00027,MESH:D011655,DB00091
DB00027,MESH:D011697,DB00091
DB00027,MESH:D012008,DB00091
DB00027,MESH:D012170,DB00091
DB00027,MESH:D012206,DB00091
DB00027,MESH:D012516,DB00091
DB00027,MESH:D012594,DB00091
DB00027,MESH:D012640,DB00091
DB00027,MESH:D012769,DB00091
DB00027,MESH:D013086,DB00091
DB00027,MESH:D013226,DB00091
DB00027,MESH:D013262,DB00091
DB00027,MESH:D013281,DB00091
DB00027,MESH:D013375,DB00091
DB00027,MESH:D013610,DB00091
DB00027,MESH:D013923,DB00091
DB00027,MESH:D014202,DB00091
DB00027,MESH:D014456,DB00091
DB00027,MESH:D014605,DB00091
DB00027,MESH:D014652,DB00091
DB00027,MESH:D014839,DB00091
DB00027,MESH:D014890,DB00091
DB00027,MESH:D014985,DB00091
DB00027,MESH:D015228,DB00091
DB00027,MESH:D015427,DB00091
DB00027,MESH:D015431,DB00091
DB00027,MESH:D015866,DB00091
DB00027,MESH:D016553,DB00091
DB00027,MESH:D017114,DB00091
DB00027,MESH:D017379,DB00091
DB00027,MESH:D018149,DB00091
DB00027,MESH:D018487,DB00091
DB00027,MESH:D018771,DB00091
DB00027,MESH:D018908,DB00091
DB00027,MESH:D019214,DB00091
DB00027,MESH:D019575,DB00091
DB00027,MESH:D019694,DB00091
DB00027,MESH:D020141,DB00091
DB00027,MESH:D020230,DB00091
DB00027,MESH:D020246,DB00091
DB00027,MESH:D020258,DB00091
DB00027,MESH:D020275,DB00091
DB00027,MESH:D020434,DB00091
DB00027,MESH:D033461,DB00091
DB00027,MESH:D050171,DB00091
DB00027,MESH:D050500,DB00091
DB00027,MESH:D051436,DB00091
DB00027,MESH:D051437,DB00091
DB00027,MESH:D052016,DB00091
DB00027,MESH:D053099,DB00091
DB00027,MESH:D053159,DB00091
DB00027,MESH:D054038,DB00091
DB00027,MESH:D054198,DB00091
DB00027,MESH:D054218,DB00091
DB00027,MESH:D056486,DB00091
DB00027,MESH:D056784,DB00091
DB00027,MESH:D057049,DB00091
DB00027,MESH:D057772,DB00091
DB00027,MESH:D058186,DB00091
DB00027,MESH:D064420,DB00091
DB00027,OMIM:146850,DB00091
DB00027,MESH:D006470,DB00091
DB00027,MESH:D013921,DB00091
DB00027,MESH:D013927,DB00091
DB00027,MESH:D007249,DB00091
DB00035,MESH:D001927,DB00091
DB00035,MESH:D001928,DB00091
DB00035,MESH:D001930,DB00091
DB00035,MESH:D001943,DB00091
DB00035,MESH:D002114,DB00091
DB00035,MESH:D002294,DB00091
DB00035,MESH:D002375,DB00091
DB00035,MESH:D002471,DB00091
DB00035,MESH:D002494,DB00091
DB00035,MESH:D002543,DB00091
DB00035,MESH:D002561,DB00091
DB00035,MESH:D002769,DB00091
DB00035,MESH:D002779,DB00091
DB00035,MESH:D002780,DB00091
DB00035,MESH:D003072,DB00091
DB00035,MESH:D003093,DB00091
DB00035,MESH:D003221,DB00091
DB00035,MESH:D003556,DB00091
DB00035,MESH:D003693,DB00091
DB00035,MESH:D003866,DB00091
DB00035,MESH:D003920,DB00091
DB00035,MESH:D003967,DB00091
DB00035,MESH:D004409,DB00091
DB00035,MESH:D004751,DB00091
DB00035,MESH:D005076,DB00091
DB00035,MESH:D005128,DB00091
DB00035,MESH:D005158,DB00091
DB00035,MESH:D005221,DB00091
DB00035,MESH:D005234,DB00091
DB00035,MESH:D005334,DB00091
DB00035,MESH:D005355,DB00091
DB00035,MESH:D005483,DB00091
DB00035,MESH:D005767,DB00091
DB00035,MESH:D005885,DB00091
DB00035,MESH:D005886,DB00091
DB00035,MESH:D005891,DB00091
DB00035,MESH:D005923,DB00091
DB00035,MESH:D006073,DB00091
DB00035,MESH:D006086,DB00091
DB00035,MESH:D006212,DB00091
DB00035,MESH:D006261,DB00091
DB00035,MESH:D006311,DB00091
DB00035,MESH:D006319,DB00091
DB00035,MESH:D006331,DB00091
DB00035,MESH:D006402,DB00091
DB00035,MESH:D006417,DB00091
DB00035,MESH:D006457,DB00091
DB00035,MESH:D006463,DB00091
DB00035,MESH:D006504,DB00091
DB00035,MESH:D006526,DB00091
DB00035,MESH:D006628,DB00091
DB00035,MESH:D006932,DB00091
DB00035,MESH:D006937,DB00091
DB00035,MESH:D006947,DB00091
DB00035,MESH:D006949,DB00091
DB00035,MESH:D006965,DB00091
DB00035,MESH:D006966,DB00091
DB00035,MESH:D006970,DB00091
DB00035,MESH:D006977,DB00091
DB00035,MESH:D006983,DB00091
DB00035,MESH:D007154,DB00091
DB00035,MESH:D007239,DB00091
DB00035,MESH:D007410,DB00091
DB00035,MESH:D007638,DB00091
DB00035,MESH:D007674,DB00091
DB00035,MESH:D007680,DB00091
DB00035,MESH:D007683,DB00091
DB00035,MESH:D007968,DB00091
DB00035,MESH:D008107,DB00091
DB00035,MESH:D008664,DB00091
DB00035,MESH:D009069,DB00091
DB00035,MESH:D009102,DB00091
DB00035,MESH:D009135,DB00091
DB00035,MESH:D009140,DB00091
DB00035,MESH:D009157,DB00091
DB00035,MESH:D009202,DB00091
DB00035,MESH:D009325,DB00091
DB00035,MESH:D009336,DB00091
DB00035,MESH:D009395,DB00091
DB00035,MESH:D009397,DB00091
DB00035,MESH:D009402,DB00091
DB00035,MESH:D009404,DB00091
DB00035,MESH:D009410,DB00091
DB00035,MESH:D009422,DB00091
DB00035,MESH:D009437,DB00091
DB00035,MESH:D009468,DB00091
DB00035,MESH:D009503,DB00091
DB00035,MESH:D009765,DB00091
DB00035,MESH:D010051,DB00091
DB00035,MESH:D010146,DB00091
DB00035,MESH:D010148,DB00091
DB00035,MESH:D010195,DB00091
DB00035,MESH:D010243,DB00091
DB00035,MESH:D010291,DB00091
DB00035,MESH:D010292,DB00091
DB00035,MESH:D010392,DB00091
DB00035,MESH:D010523,DB00091
DB00035,MESH:D011041,DB00091
DB00035,MESH:D011183,DB00091
DB00035,MESH:D011230,DB00091
DB00035,MESH:D011297,DB00091
DB00035,MESH:D011507,DB00091
DB00035,MESH:D011529,DB00091
DB00035,MESH:D011565,DB00091
DB00035,MESH:D011697,DB00091
DB00035,MESH:D012008,DB00091
DB00035,MESH:D012170,DB00091
DB00035,MESH:D012206,DB00091
DB00035,MESH:D012516,DB00091
DB00035,MESH:D012594,DB00091
DB00035,MESH:D012769,DB00091
DB00035,MESH:D013086,DB00091
DB00035,MESH:D013226,DB00091
DB00035,MESH:D013262,DB00091
DB00035,MESH:D013281,DB00091
DB00035,MESH:D013375,DB00091
DB00035,MESH:D013923,DB00091
DB00035,MESH:D014202,DB00091
DB00035,MESH:D014456,DB00091
DB00035,MESH:D014605,DB00091
DB00035,MESH:D014652,DB00091
DB00035,MESH:D014890,DB00091
DB00035,MESH:D014985,DB00091
DB00035,MESH:D015228,DB00091
DB00035,MESH:D015427,DB00091
DB00035,MESH:D015431,DB00091
DB00035,MESH:D015866,DB00091
DB00035,MESH:D016553,DB00091
DB00035,MESH:D017114,DB00091
DB00035,MESH:D017379,DB00091
DB00035,MESH:D018149,DB00091
DB00035,MESH:D018487,DB00091
DB00035,MESH:D018771,DB00091
DB00035,MESH:D018908,DB00091
DB00035,MESH:D019214,DB00091
DB00035,MESH:D019575,DB00091
DB00035,MESH:D019694,DB00091
DB00035,MESH:D020141,DB00091
DB00035,MESH:D020230,DB00091
DB00035,MESH:D020258,DB00091
DB00035,MESH:D020275,DB00091
DB00035,MESH:D020434,DB00091
DB00035,MESH:D033461,DB00091
DB00035,MESH:D050171,DB00091
DB00035,MESH:D050500,DB00091
DB00035,MESH:D051436,DB00091
DB00035,MESH:D051437,DB00091
DB00035,MESH:D052016,DB00091
DB00035,MESH:D053099,DB00091
DB00035,MESH:D053159,DB00091
DB00035,MESH:D054038,DB00091
DB00035,MESH:D054198,DB00091
DB00035,MESH:D054218,DB00091
DB00035,MESH:D056486,DB00091
DB00035,MESH:D056784,DB00091
DB00035,MESH:D057049,DB00091
DB00035,MESH:D057772,DB00091
DB00035,MESH:D058186,DB00091
DB00035,MESH:D064420,DB00091
DB00035,OMIM:146850,DB00091
DB00035,MESH:D006470,DB00091
DB00035,MESH:D013927,DB00091
DB00035,MESH:D007249,DB00091
DB00050,MESH:D001927,DB00091
DB00050,MESH:D001928,DB00091
DB00050,MESH:D001930,DB00091
DB00050,MESH:D001943,DB00091
DB00050,MESH:D002114,DB00091
DB00050,MESH:D002294,DB00091
DB00050,MESH:D002375,DB00091
DB00050,MESH:D002471,DB00091
DB00050,MESH:D002494,DB00091
DB00050,MESH:D002543,DB00091
DB00050,MESH:D002561,DB00091
DB00050,MESH:D002769,DB00091
DB00050,MESH:D002779,DB00091
DB00050,MESH:D002780,DB00091
DB00050,MESH:D003072,DB00091
DB00050,MESH:D003093,DB00091
DB00050,MESH:D003128,DB00091
DB00050,MESH:D003221,DB00091
DB00050,MESH:D003556,DB00091
DB00050,MESH:D003693,DB00091
DB00050,MESH:D003866,DB00091
DB00050,MESH:D003920,DB00091
DB00050,MESH:D003967,DB00091
DB00050,MESH:D004409,DB00091
DB00050,MESH:D004751,DB00091
DB00050,MESH:D005076,DB00091
DB00050,MESH:D005128,DB00091
DB00050,MESH:D005158,DB00091
DB00050,MESH:D005221,DB00091
DB00050,MESH:D005234,DB00091
DB00050,MESH:D005334,DB00091
DB00050,MESH:D005355,DB00091
DB00050,MESH:D005483,DB00091
DB00050,MESH:D005767,DB00091
DB00050,MESH:D005885,DB00091
DB00050,MESH:D005886,DB00091
DB00050,MESH:D005891,DB00091
DB00050,MESH:D005923,DB00091
DB00050,MESH:D006073,DB00091
DB00050,MESH:D006086,DB00091
DB00050,MESH:D006212,DB00091
DB00050,MESH:D006261,DB00091
DB00050,MESH:D006311,DB00091
DB00050,MESH:D006319,DB00091
DB00050,MESH:D006331,DB00091
DB00050,MESH:D006402,DB00091
DB00050,MESH:D006417,DB00091
DB00050,MESH:D006457,DB00091
DB00050,MESH:D006463,DB00091
DB00050,MESH:D006504,DB00091
DB00050,MESH:D006526,DB00091
DB00050,MESH:D006628,DB00091
DB00050,MESH:D006932,DB00091
DB00050,MESH:D006937,DB00091
DB00050,MESH:D006947,DB00091
DB00050,MESH:D006949,DB00091
DB00050,MESH:D006965,DB00091
DB00050,MESH:D006966,DB00091
DB00050,MESH:D006970,DB00091
DB00050,MESH:D006973,DB00091
DB00050,MESH:D006977,DB00091
DB00050,MESH:D006983,DB00091
DB00050,MESH:D007154,DB00091
DB00050,MESH:D007239,DB00091
DB00050,MESH:D007410,DB00091
DB00050,MESH:D007638,DB00091
DB00050,MESH:D007674,DB00091
DB00050,MESH:D007680,DB00091
DB00050,MESH:D007683,DB00091
DB00050,MESH:D007968,DB00091
DB00050,MESH:D008107,DB00091
DB00050,MESH:D008664,DB00091
DB00050,MESH:D009069,DB00091
DB00050,MESH:D009102,DB00091
DB00050,MESH:D009135,DB00091
DB00050,MESH:D009140,DB00091
DB00050,MESH:D009157,DB00091
DB00050,MESH:D009202,DB00091
DB00050,MESH:D009325,DB00091
DB00050,MESH:D009336,DB00091
DB00050,MESH:D009395,DB00091
DB00050,MESH:D009397,DB00091
DB00050,MESH:D009402,DB00091
DB00050,MESH:D009404,DB00091
DB00050,MESH:D009410,DB00091
DB00050,MESH:D009422,DB00091
DB00050,MESH:D009437,DB00091
DB00050,MESH:D009468,DB00091
DB00050,MESH:D009503,DB00091
DB00050,MESH:D009765,DB00091
DB00050,MESH:D010051,DB00091
DB00050,MESH:D010146,DB00091
DB00050,MESH:D010148,DB00091
DB00050,MESH:D010195,DB00091
DB00050,MESH:D010243,DB00091
DB00050,MESH:D010291,DB00091
DB00050,MESH:D010292,DB00091
DB00050,MESH:D010392,DB00091
DB00050,MESH:D010523,DB00091
DB00050,MESH:D011041,DB00091
DB00050,MESH:D011183,DB00091
DB00050,MESH:D011230,DB00091
DB00050,MESH:D011297,DB00091
DB00050,MESH:D011507,DB00091
DB00050,MESH:D011529,DB00091
DB00050,MESH:D011565,DB00091
DB00050,MESH:D011655,DB00091
DB00050,MESH:D011697,DB00091
DB00050,MESH:D012008,DB00091
DB00050,MESH:D012170,DB00091
DB00050,MESH:D012206,DB00091
DB00050,MESH:D012516,DB00091
DB00050,MESH:D012594,DB00091
DB00050,MESH:D012640,DB00091
DB00050,MESH:D012769,DB00091
DB00050,MESH:D013086,DB00091
DB00050,MESH:D013226,DB00091
DB00050,MESH:D013262,DB00091
DB00050,MESH:D013281,DB00091
DB00050,MESH:D013375,DB00091
DB00050,MESH:D013610,DB00091
DB00050,MESH:D013923,DB00091
DB00050,MESH:D014202,DB00091
DB00050,MESH:D014456,DB00091
DB00050,MESH:D014605,DB00091
DB00050,MESH:D014652,DB00091
DB00050,MESH:D014839,DB00091
DB00050,MESH:D014890,DB00091
DB00050,MESH:D014985,DB00091
DB00050,MESH:D015228,DB00091
DB00050,MESH:D015427,DB00091
DB00050,MESH:D015431,DB00091
DB00050,MESH:D015866,DB00091
DB00050,MESH:D016553,DB00091
DB00050,MESH:D017114,DB00091
DB00050,MESH:D017379,DB00091
DB00050,MESH:D018149,DB00091
DB00050,MESH:D018487,DB00091
DB00050,MESH:D018771,DB00091
DB00050,MESH:D018908,DB00091
DB00050,MESH:D019214,DB00091
DB00050,MESH:D019575,DB00091
DB00050,MESH:D019694,DB00091
DB00050,MESH:D020141,DB00091
DB00050,MESH:D020230,DB00091
DB00050,MESH:D020246,DB00091
DB00050,MESH:D020258,DB00091
DB00050,MESH:D020275,DB00091
DB00050,MESH:D020434,DB00091
DB00050,MESH:D033461,DB00091
DB00050,MESH:D050171,DB00091
DB00050,MESH:D050500,DB00091
DB00050,MESH:D051436,DB00091
DB00050,MESH:D051437,DB00091
DB00050,MESH:D052016,DB00091
DB00050,MESH:D053099,DB00091
DB00050,MESH:D053159,DB00091
DB00050,MESH:D054038,DB00091
DB00050,MESH:D054198,DB00091
DB00050,MESH:D054218,DB00091
DB00050,MESH:D056486,DB00091
DB00050,MESH:D056784,DB00091
DB00050,MESH:D057049,DB00091
DB00050,MESH:D057772,DB00091
DB00050,MESH:D058186,DB00091
DB00050,MESH:D064420,DB00091
DB00050,OMIM:146850,DB00091
DB00050,MESH:D006470,DB00091
DB00050,MESH:D013921,DB00091
DB00050,MESH:D013927,DB00091
DB00050,MESH:D007249,DB00091
DB00080,MESH:D001927,DB00091
DB00080,MESH:D001928,DB00091
DB00080,MESH:D001930,DB00091
DB00080,MESH:D001943,DB00091
DB00080,MESH:D002114,DB00091
DB00080,MESH:D002294,DB00091
DB00080,MESH:D002375,DB00091
DB00080,MESH:D002471,DB00091
DB00080,MESH:D002494,DB00091
DB00080,MESH:D002543,DB00091
DB00080,MESH:D002561,DB00091
DB00080,MESH:D002769,DB00091
DB00080,MESH:D002779,DB00091
DB00080,MESH:D002780,DB00091
DB00080,MESH:D003072,DB00091
DB00080,MESH:D003093,DB00091
DB00080,MESH:D003128,DB00091
DB00080,MESH:D003221,DB00091
DB00080,MESH:D003556,DB00091
DB00080,MESH:D003693,DB00091
DB00080,MESH:D003866,DB00091
DB00080,MESH:D003920,DB00091
DB00080,MESH:D003967,DB00091
DB00080,MESH:D004409,DB00091
DB00080,MESH:D004751,DB00091
DB00080,MESH:D005076,DB00091
DB00080,MESH:D005128,DB00091
DB00080,MESH:D005158,DB00091
DB00080,MESH:D005221,DB00091
DB00080,MESH:D005234,DB00091
DB00080,MESH:D005334,DB00091
DB00080,MESH:D005355,DB00091
DB00080,MESH:D005483,DB00091
DB00080,MESH:D005767,DB00091
DB00080,MESH:D005885,DB00091
DB00080,MESH:D005886,DB00091
DB00080,MESH:D005891,DB00091
DB00080,MESH:D005923,DB00091
DB00080,MESH:D006073,DB00091
DB00080,MESH:D006086,DB00091
DB00080,MESH:D006212,DB00091
DB00080,MESH:D006261,DB00091
DB00080,MESH:D006311,DB00091
DB00080,MESH:D006319,DB00091
DB00080,MESH:D006331,DB00091
DB00080,MESH:D006402,DB00091
DB00080,MESH:D006417,DB00091
DB00080,MESH:D006457,DB00091
DB00080,MESH:D006463,DB00091
DB00080,MESH:D006504,DB00091
DB00080,MESH:D006526,DB00091
DB00080,MESH:D006628,DB00091
DB00080,MESH:D006932,DB00091
DB00080,MESH:D006937,DB00091
DB00080,MESH:D006947,DB00091
DB00080,MESH:D006949,DB00091
DB00080,MESH:D006965,DB00091
DB00080,MESH:D006966,DB00091
DB00080,MESH:D006970,DB00091
DB00080,MESH:D006973,DB00091
DB00080,MESH:D006977,DB00091
DB00080,MESH:D006983,DB00091
DB00080,MESH:D007154,DB00091
DB00080,MESH:D007239,DB00091
DB00080,MESH:D007410,DB00091
DB00080,MESH:D007638,DB00091
DB00080,MESH:D007680,DB00091
DB00080,MESH:D007683,DB00091
DB00080,MESH:D007968,DB00091
DB00080,MESH:D008664,DB00091
DB00080,MESH:D009069,DB00091
DB00080,MESH:D009102,DB00091
DB00080,MESH:D009140,DB00091
DB00080,MESH:D009157,DB00091
DB00080,MESH:D009202,DB00091
DB00080,MESH:D009325,DB00091
DB00080,MESH:D009336,DB00091
DB00080,MESH:D009395,DB00091
DB00080,MESH:D009397,DB00091
DB00080,MESH:D009402,DB00091
DB00080,MESH:D009404,DB00091
DB00080,MESH:D009410,DB00091
DB00080,MESH:D009422,DB00091
DB00080,MESH:D009437,DB00091
DB00080,MESH:D009468,DB00091
DB00080,MESH:D009503,DB00091
DB00080,MESH:D009765,DB00091
DB00080,MESH:D010051,DB00091
DB00080,MESH:D010146,DB00091
DB00080,MESH:D010148,DB00091
DB00080,MESH:D010195,DB00091
DB00080,MESH:D010243,DB00091
DB00080,MESH:D010291,DB00091
DB00080,MESH:D010292,DB00091
DB00080,MESH:D010392,DB00091
DB00080,MESH:D010523,DB00091
DB00080,MESH:D011041,DB00091
DB00080,MESH:D011183,DB00091
DB00080,MESH:D011230,DB00091
DB00080,MESH:D011297,DB00091
DB00080,MESH:D011507,DB00091
DB00080,MESH:D011529,DB00091
DB00080,MESH:D011565,DB00091
DB00080,MESH:D011655,DB00091
DB00080,MESH:D011697,DB00091
DB00080,MESH:D012008,DB00091
DB00080,MESH:D012170,DB00091
DB00080,MESH:D012516,DB00091
DB00080,MESH:D012594,DB00091
DB00080,MESH:D012640,DB00091
DB00080,MESH:D012769,DB00091
DB00080,MESH:D013086,DB00091
DB00080,MESH:D013226,DB00091
DB00080,MESH:D013281,DB00091
DB00080,MESH:D013375,DB00091
DB00080,MESH:D013610,DB00091
DB00080,MESH:D013923,DB00091
DB00080,MESH:D014202,DB00091
DB00080,MESH:D014456,DB00091
DB00080,MESH:D014605,DB00091
DB00080,MESH:D014652,DB00091
DB00080,MESH:D014839,DB00091
DB00080,MESH:D014890,DB00091
DB00080,MESH:D014985,DB00091
DB00080,MESH:D015228,DB00091
DB00080,MESH:D015427,DB00091
DB00080,MESH:D015431,DB00091
DB00080,MESH:D015866,DB00091
DB00080,MESH:D016553,DB00091
DB00080,MESH:D017114,DB00091
DB00080,MESH:D017379,DB00091
DB00080,MESH:D018149,DB00091
DB00080,MESH:D018487,DB00091
DB00080,MESH:D018771,DB00091
DB00080,MESH:D019214,DB00091
DB00080,MESH:D019575,DB00091
DB00080,MESH:D019694,DB00091
DB00080,MESH:D020141,DB00091
DB00080,MESH:D020230,DB00091
DB00080,MESH:D020246,DB00091
DB00080,MESH:D020258,DB00091
DB00080,MESH:D020275,DB00091
DB00080,MESH:D020434,DB00091
DB00080,MESH:D033461,DB00091
DB00080,MESH:D050171,DB00091
DB00080,MESH:D050500,DB00091
DB00080,MESH:D051436,DB00091
DB00080,MESH:D051437,DB00091
DB00080,MESH:D052016,DB00091
DB00080,MESH:D053099,DB00091
DB00080,MESH:D053159,DB00091
DB00080,MESH:D054038,DB00091
DB00080,MESH:D054198,DB00091
DB00080,MESH:D054218,DB00091
DB00080,MESH:D056784,DB00091
DB00080,MESH:D057049,DB00091
DB00080,MESH:D057772,DB00091
DB00080,MESH:D064420,DB00091
DB00080,OMIM:146850,DB00091
DB00080,MESH:D006470,DB00091
DB00080,MESH:D013921,DB00091
DB00080,MESH:D013927,DB00091
DB00080,MESH:D007249,DB00091
DB00093,MESH:D001927,DB00091
DB00093,MESH:D001928,DB00091
DB00093,MESH:D001930,DB00091
DB00093,MESH:D001943,DB00091
DB00093,MESH:D002114,DB00091
DB00093,MESH:D002294,DB00091
DB00093,MESH:D002375,DB00091
DB00093,MESH:D002471,DB00091
DB00093,MESH:D002494,DB00091
DB00093,MESH:D002543,DB00091
DB00093,MESH:D002561,DB00091
DB00093,MESH:D002769,DB00091
DB00093,MESH:D002779,DB00091
DB00093,MESH:D002780,DB00091
DB00093,MESH:D003072,DB00091
DB00093,MESH:D003093,DB00091
DB00093,MESH:D003128,DB00091
DB00093,MESH:D003221,DB00091
DB00093,MESH:D003556,DB00091
DB00093,MESH:D003693,DB00091
DB00093,MESH:D003866,DB00091
DB00093,MESH:D003920,DB00091
DB00093,MESH:D003967,DB00091
DB00093,MESH:D004409,DB00091
DB00093,MESH:D004751,DB00091
DB00093,MESH:D005076,DB00091
DB00093,MESH:D005128,DB00091
DB00093,MESH:D005158,DB00091
DB00093,MESH:D005221,DB00091
DB00093,MESH:D005234,DB00091
DB00093,MESH:D005334,DB00091
DB00093,MESH:D005355,DB00091
DB00093,MESH:D005483,DB00091
DB00093,MESH:D005767,DB00091
DB00093,MESH:D005885,DB00091
DB00093,MESH:D005886,DB00091
DB00093,MESH:D005891,DB00091
DB00093,MESH:D005923,DB00091
DB00093,MESH:D006073,DB00091
DB00093,MESH:D006086,DB00091
DB00093,MESH:D006212,DB00091
DB00093,MESH:D006261,DB00091
DB00093,MESH:D006311,DB00091
DB00093,MESH:D006319,DB00091
DB00093,MESH:D006331,DB00091
DB00093,MESH:D006402,DB00091
DB00093,MESH:D006417,DB00091
DB00093,MESH:D006457,DB00091
DB00093,MESH:D006463,DB00091
DB00093,MESH:D006504,DB00091
DB00093,MESH:D006526,DB00091
DB00093,MESH:D006628,DB00091
DB00093,MESH:D006932,DB00091
DB00093,MESH:D006937,DB00091
DB00093,MESH:D006947,DB00091
DB00093,MESH:D006949,DB00091
DB00093,MESH:D006965,DB00091
DB00093,MESH:D006966,DB00091
DB00093,MESH:D006970,DB00091
DB00093,MESH:D006977,DB00091
DB00093,MESH:D006983,DB00091
DB00093,MESH:D007154,DB00091
DB00093,MESH:D007239,DB00091
DB00093,MESH:D007410,DB00091
DB00093,MESH:D007638,DB00091
DB00093,MESH:D007674,DB00091
DB00093,MESH:D007680,DB00091
DB00093,MESH:D007683,DB00091
DB00093,MESH:D007968,DB00091
DB00093,MESH:D008107,DB00091
DB00093,MESH:D008664,DB00091
DB00093,MESH:D009069,DB00091
DB00093,MESH:D009102,DB00091
DB00093,MESH:D009140,DB00091
DB00093,MESH:D009157,DB00091
DB00093,MESH:D009202,DB00091
DB00093,MESH:D009325,DB00091
DB00093,MESH:D009395,DB00091
DB00093,MESH:D009397,DB00091
DB00093,MESH:D009402,DB00091
DB00093,MESH:D009404,DB00091
DB00093,MESH:D009410,DB00091
DB00093,MESH:D009422,DB00091
DB00093,MESH:D009437,DB00091
DB00093,MESH:D009468,DB00091
DB00093,MESH:D009503,DB00091
DB00093,MESH:D009765,DB00091
DB00093,MESH:D010051,DB00091
DB00093,MESH:D010146,DB00091
DB00093,MESH:D010148,DB00091
DB00093,MESH:D010195,DB00091
DB00093,MESH:D010243,DB00091
DB00093,MESH:D010291,DB00091
DB00093,MESH:D010292,DB00091
DB00093,MESH:D010392,DB00091
DB00093,MESH:D010523,DB00091
DB00093,MESH:D011041,DB00091
DB00093,MESH:D011183,DB00091
DB00093,MESH:D011230,DB00091
DB00093,MESH:D011297,DB00091
DB00093,MESH:D011507,DB00091
DB00093,MESH:D011529,DB00091
DB00093,MESH:D011565,DB00091
DB00093,MESH:D011655,DB00091
DB00093,MESH:D011697,DB00091
DB00093,MESH:D012008,DB00091
DB00093,MESH:D012170,DB00091
DB00093,MESH:D012206,DB00091
DB00093,MESH:D012516,DB00091
DB00093,MESH:D012594,DB00091
DB00093,MESH:D012640,DB00091
DB00093,MESH:D012769,DB00091
DB00093,MESH:D013086,DB00091
DB00093,MESH:D013226,DB00091
DB00093,MESH:D013262,DB00091
DB00093,MESH:D013281,DB00091
DB00093,MESH:D013375,DB00091
DB00093,MESH:D013610,DB00091
DB00093,MESH:D013923,DB00091
DB00093,MESH:D014202,DB00091
DB00093,MESH:D014456,DB00091
DB00093,MESH:D014605,DB00091
DB00093,MESH:D014652,DB00091
DB00093,MESH:D014839,DB00091
DB00093,MESH:D014890,DB00091
DB00093,MESH:D014985,DB00091
DB00093,MESH:D015228,DB00091
DB00093,MESH:D015427,DB00091
DB00093,MESH:D015431,DB00091
DB00093,MESH:D015866,DB00091
DB00093,MESH:D016553,DB00091
DB00093,MESH:D017114,DB00091
DB00093,MESH:D017379,DB00091
DB00093,MESH:D018149,DB00091
DB00093,MESH:D018487,DB00091
DB00093,MESH:D018771,DB00091
DB00093,MESH:D018908,DB00091
DB00093,MESH:D019214,DB00091
DB00093,MESH:D019575,DB00091
DB00093,MESH:D019694,DB00091
DB00093,MESH:D020141,DB00091
DB00093,MESH:D020230,DB00091
DB00093,MESH:D020246,DB00091
DB00093,MESH:D020258,DB00091
DB00093,MESH:D020275,DB00091
DB00093,MESH:D020434,DB00091
DB00093,MESH:D033461,DB00091
DB00093,MESH:D050171,DB00091
DB00093,MESH:D050500,DB00091
DB00093,MESH:D051436,DB00091
DB00093,MESH:D051437,DB00091
DB00093,MESH:D052016,DB00091
DB00093,MESH:D053099,DB00091
DB00093,MESH:D053159,DB00091
DB00093,MESH:D054038,DB00091
DB00093,MESH:D054198,DB00091
DB00093,MESH:D054218,DB00091
DB00093,MESH:D056486,DB00091
DB00093,MESH:D056784,DB00091
DB00093,MESH:D057049,DB00091
DB00093,MESH:D057772,DB00091
DB00093,MESH:D058186,DB00091
DB00093,MESH:D064420,DB00091
DB00093,OMIM:146850,DB00091
DB00093,MESH:D006470,DB00091
DB00093,MESH:D013921,DB00091
DB00093,MESH:D013927,DB00091
DB00093,MESH:D007249,DB00091
DB00067,MESH:D001927,DB00091
DB00067,MESH:D001928,DB00091
DB00067,MESH:D001930,DB00091
DB00067,MESH:D001943,DB00091
DB00067,MESH:D002114,DB00091
DB00067,MESH:D002294,DB00091
DB00067,MESH:D002375,DB00091
DB00067,MESH:D002471,DB00091
DB00067,MESH:D002494,DB00091
DB00067,MESH:D002543,DB00091
DB00067,MESH:D002561,DB00091
DB00067,MESH:D002769,DB00091
DB00067,MESH:D002779,DB00091
DB00067,MESH:D002780,DB00091
DB00067,MESH:D003072,DB00091
DB00067,MESH:D003093,DB00091
DB00067,MESH:D003128,DB00091
DB00067,MESH:D003221,DB00091
DB00067,MESH:D003556,DB00091
DB00067,MESH:D003693,DB00091
DB00067,MESH:D003866,DB00091
DB00067,MESH:D003920,DB00091
DB00067,MESH:D003967,DB00091
DB00067,MESH:D004409,DB00091
DB00067,MESH:D004751,DB00091
DB00067,MESH:D005076,DB00091
DB00067,MESH:D005128,DB00091
DB00067,MESH:D005158,DB00091
DB00067,MESH:D005221,DB00091
DB00067,MESH:D005234,DB00091
DB00067,MESH:D005334,DB00091
DB00067,MESH:D005355,DB00091
DB00067,MESH:D005483,DB00091
DB00067,MESH:D005767,DB00091
DB00067,MESH:D005885,DB00091
DB00067,MESH:D005886,DB00091
DB00067,MESH:D005891,DB00091
DB00067,MESH:D005923,DB00091
DB00067,MESH:D006073,DB00091
DB00067,MESH:D006086,DB00091
DB00067,MESH:D006212,DB00091
DB00067,MESH:D006261,DB00091
DB00067,MESH:D006311,DB00091
DB00067,MESH:D006319,DB00091
DB00067,MESH:D006331,DB00091
DB00067,MESH:D006402,DB00091
DB00067,MESH:D006457,DB00091
DB00067,MESH:D006463,DB00091
DB00067,MESH:D006504,DB00091
DB00067,MESH:D006526,DB00091
DB00067,MESH:D006628,DB00091
DB00067,MESH:D006932,DB00091
DB00067,MESH:D006937,DB00091
DB00067,MESH:D006947,DB00091
DB00067,MESH:D006949,DB00091
DB00067,MESH:D006965,DB00091
DB00067,MESH:D006966,DB00091
DB00067,MESH:D006970,DB00091
DB00067,MESH:D006973,DB00091
DB00067,MESH:D006977,DB00091
DB00067,MESH:D006983,DB00091
DB00067,MESH:D007154,DB00091
DB00067,MESH:D007239,DB00091
DB00067,MESH:D007410,DB00091
DB00067,MESH:D007638,DB00091
DB00067,MESH:D007674,DB00091
DB00067,MESH:D007680,DB00091
DB00067,MESH:D007968,DB00091
DB00067,MESH:D008107,DB00091
DB00067,MESH:D008664,DB00091
DB00067,MESH:D009069,DB00091
DB00067,MESH:D009102,DB00091
DB00067,MESH:D009135,DB00091
DB00067,MESH:D009140,DB00091
DB00067,MESH:D009157,DB00091
DB00067,MESH:D009202,DB00091
DB00067,MESH:D009325,DB00091
DB00067,MESH:D009395,DB00091
DB00067,MESH:D009397,DB00091
DB00067,MESH:D009402,DB00091
DB00067,MESH:D009404,DB00091
DB00067,MESH:D009410,DB00091
DB00067,MESH:D009422,DB00091
DB00067,MESH:D009437,DB00091
DB00067,MESH:D009468,DB00091
DB00067,MESH:D009503,DB00091
DB00067,MESH:D009765,DB00091
DB00067,MESH:D010051,DB00091
DB00067,MESH:D010146,DB00091
DB00067,MESH:D010148,DB00091
DB00067,MESH:D010195,DB00091
DB00067,MESH:D010243,DB00091
DB00067,MESH:D010291,DB00091
DB00067,MESH:D010292,DB00091
DB00067,MESH:D010392,DB00091
DB00067,MESH:D010523,DB00091
DB00067,MESH:D011041,DB00091
DB00067,MESH:D011183,DB00091
DB00067,MESH:D011230,DB00091
DB00067,MESH:D011297,DB00091
DB00067,MESH:D011507,DB00091
DB00067,MESH:D011529,DB00091
DB00067,MESH:D011565,DB00091
DB00067,MESH:D011655,DB00091
DB00067,MESH:D011697,DB00091
DB00067,MESH:D012008,DB00091
DB00067,MESH:D012170,DB00091
DB00067,MESH:D012206,DB00091
DB00067,MESH:D012516,DB00091
DB00067,MESH:D012594,DB00091
DB00067,MESH:D012640,DB00091
DB00067,MESH:D012769,DB00091
DB00067,MESH:D013086,DB00091
DB00067,MESH:D013226,DB00091
DB00067,MESH:D013262,DB00091
DB00067,MESH:D013281,DB00091
DB00067,MESH:D013375,DB00091
DB00067,MESH:D013610,DB00091
DB00067,MESH:D013923,DB00091
DB00067,MESH:D014202,DB00091
DB00067,MESH:D014456,DB00091
DB00067,MESH:D014605,DB00091
DB00067,MESH:D014652,DB00091
DB00067,MESH:D014839,DB00091
DB00067,MESH:D014890,DB00091
DB00067,MESH:D014985,DB00091
DB00067,MESH:D015228,DB00091
DB00067,MESH:D015427,DB00091
DB00067,MESH:D015431,DB00091
DB00067,MESH:D015866,DB00091
DB00067,MESH:D016553,DB00091
DB00067,MESH:D017114,DB00091
DB00067,MESH:D017379,DB00091
DB00067,MESH:D018149,DB00091
DB00067,MESH:D018487,DB00091
DB00067,MESH:D018771,DB00091
DB00067,MESH:D018908,DB00091
DB00067,MESH:D019214,DB00091
DB00067,MESH:D019575,DB00091
DB00067,MESH:D019694,DB00091
DB00067,MESH:D020141,DB00091
DB00067,MESH:D020230,DB00091
DB00067,MESH:D020246,DB00091
DB00067,MESH:D020258,DB00091
DB00067,MESH:D020275,DB00091
DB00067,MESH:D020434,DB00091
DB00067,MESH:D033461,DB00091
DB00067,MESH:D050171,DB00091
DB00067,MESH:D050500,DB00091
DB00067,MESH:D051436,DB00091
DB00067,MESH:D051437,DB00091
DB00067,MESH:D052016,DB00091
DB00067,MESH:D053099,DB00091
DB00067,MESH:D053159,DB00091
DB00067,MESH:D054038,DB00091
DB00067,MESH:D054198,DB00091
DB00067,MESH:D054218,DB00091
DB00067,MESH:D056486,DB00091
DB00067,MESH:D056784,DB00091
DB00067,MESH:D057049,DB00091
DB00067,MESH:D057772,DB00091
DB00067,MESH:D058186,DB00091
DB00067,MESH:D064420,DB00091
DB00067,OMIM:146850,DB00091
DB00067,MESH:D013921,DB00091
DB00067,MESH:D013927,DB00091
DB00067,MESH:D007249,DB00091
DB00006,MESH:D001943,DB00014
DB00006,MESH:D003072,DB00014
DB00006,MESH:D004715,DB00014
DB00006,MESH:D006501,DB00014
DB00006,MESH:D006505,DB00014
DB00006,MESH:D007889,DB00014
DB00006,MESH:D008569,DB00014
DB00006,MESH:D011471,DB00014
DB00006,MESH:D012735,DB00014
DB00006,MESH:D015275,DB00014
DB00006,MESH:D019584,DB00014
DB00007,MESH:D001943,DB00014
DB00007,MESH:D006501,DB00014
DB00007,MESH:D006505,DB00014
DB00007,MESH:D015275,DB00014
DB00027,MESH:D001943,DB00014
DB00027,MESH:D003072,DB00014
DB00027,MESH:D004715,DB00014
DB00027,MESH:D006501,DB00014
DB00027,MESH:D006505,DB00014
DB00027,MESH:D007889,DB00014
DB00027,MESH:D008569,DB00014
DB00027,MESH:D011471,DB00014
DB00027,MESH:D012735,DB00014
DB00027,MESH:D015275,DB00014
DB00027,MESH:D019584,DB00014
DB00035,MESH:D001943,DB00014
DB00035,MESH:D003072,DB00014
DB00035,MESH:D004715,DB00014
DB00035,MESH:D006501,DB00014
DB00035,MESH:D006505,DB00014
DB00035,MESH:D007889,DB00014
DB00035,MESH:D008569,DB00014
DB00035,MESH:D011471,DB00014
DB00035,MESH:D012735,DB00014
DB00035,MESH:D015275,DB00014
DB00035,MESH:D019584,DB00014
DB00050,MESH:D001943,DB00014
DB00050,MESH:D003072,DB00014
DB00050,MESH:D004715,DB00014
DB00050,MESH:D006501,DB00014
DB00050,MESH:D006505,DB00014
DB00050,MESH:D007889,DB00014
DB00050,MESH:D008569,DB00014
DB00050,MESH:D011471,DB00014
DB00050,MESH:D012735,DB00014
DB00050,MESH:D015275,DB00014
DB00050,MESH:D019584,DB00014
DB00080,MESH:D001943,DB00014
DB00080,MESH:D003072,DB00014
DB00080,MESH:D004715,DB00014
DB00080,MESH:D006501,DB00014
DB00080,MESH:D006505,DB00014
DB00080,MESH:D007889,DB00014
DB00080,MESH:D008569,DB00014
DB00080,MESH:D011471,DB00014
DB00080,MESH:D012735,DB00014
DB00080,MESH:D015275,DB00014
DB00080,MESH:D019584,DB00014
DB00091,MESH:D004715,DB00014
DB00091,MESH:D006501,DB00014
DB00091,MESH:D006505,DB00014
DB00091,MESH:D007889,DB00014
DB00091,MESH:D008569,DB00014
DB00091,MESH:D011471,DB00014
DB00091,MESH:D012735,DB00014
DB00091,MESH:D015275,DB00014
DB00091,MESH:D019584,DB00014
DB00093,MESH:D001943,DB00014
DB00093,MESH:D003072,DB00014
DB00093,MESH:D004715,DB00014
DB00093,MESH:D006501,DB00014
DB00093,MESH:D006505,DB00014
DB00093,MESH:D007889,DB00014
DB00093,MESH:D008569,DB00014
DB00093,MESH:D011471,DB00014
DB00093,MESH:D012735,DB00014
DB00093,MESH:D015275,DB00014
DB00093,MESH:D019584,DB00014
DB00067,MESH:D001943,DB00014
DB00067,MESH:D003072,DB00014
DB00067,MESH:D004715,DB00014
DB00067,MESH:D006501,DB00014
DB00067,MESH:D006505,DB00014
DB00067,MESH:D007889,DB00014
DB00067,MESH:D008569,DB00014
DB00067,MESH:D011471,DB00014
DB00067,MESH:D012735,DB00014
DB00067,MESH:D015275,DB00014
DB00067,MESH:D019584,DB00014
DB00006,MESH:D002375,DB00007
DB00006,MESH:D002543,DB00007
DB00006,MESH:D003072,DB00007
DB00006,MESH:D003865,DB00007
DB00006,MESH:D004195,DB00007
DB00006,MESH:D004715,DB00007
DB00006,MESH:D004832,DB00007
DB00006,MESH:D005234,DB00007
DB00006,MESH:D006261,DB00007
DB00006,MESH:D007172,DB00007
DB00006,MESH:D007319,DB00007
DB00006,MESH:D007889,DB00007
DB00006,MESH:D008569,DB00007
DB00006,MESH:D008796,DB00007
DB00006,MESH:D009135,DB00007
DB00006,MESH:D009203,DB00007
DB00006,MESH:D009214,DB00007
DB00006,MESH:D009220,DB00007
DB00006,MESH:D009361,DB00007
DB00006,MESH:D010378,DB00007
DB00006,MESH:D010899,DB00007
DB00006,MESH:D010900,DB00007
DB00006,MESH:D011471,DB00007
DB00006,MESH:D011629,DB00007
DB00006,MESH:D012170,DB00007
DB00006,MESH:D012735,DB00007
DB00006,MESH:D014594,DB00007
DB00006,MESH:D018366,DB00007
DB00006,MESH:D018771,DB00007
DB00006,MESH:D019584,DB00007
DB00006,MESH:D019586,DB00007
DB00006,MESH:D020246,DB00007
DB00014,MESH:D002375,DB00007
DB00014,MESH:D002543,DB00007
DB00014,MESH:D003865,DB00007
DB00014,MESH:D004195,DB00007
DB00014,MESH:D004832,DB00007
DB00014,MESH:D005234,DB00007
DB00014,MESH:D006261,DB00007
DB00014,MESH:D007172,DB00007
DB00014,MESH:D007319,DB00007
DB00014,MESH:D008796,DB00007
DB00014,MESH:D009135,DB00007
DB00014,MESH:D009203,DB00007
DB00014,MESH:D009214,DB00007
DB00014,MESH:D009220,DB00007
DB00014,MESH:D009361,DB00007
DB00014,MESH:D010378,DB00007
DB00014,MESH:D010899,DB00007
DB00014,MESH:D010900,DB00007
DB00014,MESH:D011629,DB00007
DB00014,MESH:D012170,DB00007
DB00014,MESH:D014594,DB00007
DB00014,MESH:D018366,DB00007
DB00014,MESH:D018771,DB00007
DB00014,MESH:D019586,DB00007
DB00014,MESH:D020246,DB00007
DB00014,MESH:D007249,DB00007
DB00014,MESH:D020521,DB00007
DB00027,MESH:D002375,DB00007
DB00027,MESH:D002543,DB00007
DB00027,MESH:D003072,DB00007
DB00027,MESH:D003865,DB00007
DB00027,MESH:D004195,DB00007
DB00027,MESH:D004715,DB00007
DB00027,MESH:D004832,DB00007
DB00027,MESH:D005234,DB00007
DB00027,MESH:D006261,DB00007
DB00027,MESH:D007172,DB00007
DB00027,MESH:D007319,DB00007
DB00027,MESH:D007889,DB00007
DB00027,MESH:D008569,DB00007
DB00027,MESH:D008796,DB00007
DB00027,MESH:D009135,DB00007
DB00027,MESH:D009203,DB00007
DB00027,MESH:D009214,DB00007
DB00027,MESH:D009220,DB00007
DB00027,MESH:D009361,DB00007
DB00027,MESH:D010378,DB00007
DB00027,MESH:D010899,DB00007
DB00027,MESH:D010900,DB00007
DB00027,MESH:D011471,DB00007
DB00027,MESH:D011629,DB00007
DB00027,MESH:D012170,DB00007
DB00027,MESH:D012735,DB00007
DB00027,MESH:D014594,DB00007
DB00027,MESH:D018366,DB00007
DB00027,MESH:D018771,DB00007
DB00027,MESH:D019584,DB00007
DB00027,MESH:D019586,DB00007
DB00027,MESH:D020246,DB00007
DB00027,MESH:D007249,DB00007
DB00027,MESH:D020521,DB00007
DB00035,MESH:D002375,DB00007
DB00035,MESH:D002543,DB00007
DB00035,MESH:D003072,DB00007
DB00035,MESH:D003865,DB00007
DB00035,MESH:D004195,DB00007
DB00035,MESH:D004715,DB00007
DB00035,MESH:D004832,DB00007
DB00035,MESH:D005234,DB00007
DB00035,MESH:D006261,DB00007
DB00035,MESH:D007172,DB00007
DB00035,MESH:D007319,DB00007
DB00035,MESH:D007889,DB00007
DB00035,MESH:D008569,DB00007
DB00035,MESH:D008796,DB00007
DB00035,MESH:D009135,DB00007
DB00035,MESH:D009203,DB00007
DB00035,MESH:D009214,DB00007
DB00035,MESH:D009220,DB00007
DB00035,MESH:D009361,DB00007
DB00035,MESH:D010378,DB00007
DB00035,MESH:D010899,DB00007
DB00035,MESH:D010900,DB00007
DB00035,MESH:D011471,DB00007
DB00035,MESH:D011629,DB00007
DB00035,MESH:D012170,DB00007
DB00035,MESH:D012735,DB00007
DB00035,MESH:D014594,DB00007
DB00035,MESH:D018366,DB00007
DB00035,MESH:D018771,DB00007
DB00035,MESH:D019584,DB00007
DB00035,MESH:D019586,DB00007
DB00035,MESH:D007249,DB00007
DB00050,MESH:D002375,DB00007
DB00050,MESH:D002543,DB00007
DB00050,MESH:D003072,DB00007
DB00050,MESH:D003865,DB00007
DB00050,MESH:D004195,DB00007
DB00050,MESH:D004715,DB00007
DB00050,MESH:D004832,DB00007
DB00050,MESH:D005234,DB00007
DB00050,MESH:D006261,DB00007
DB00050,MESH:D007172,DB00007
DB00050,MESH:D007319,DB00007
DB00050,MESH:D007889,DB00007
DB00050,MESH:D008569,DB00007
DB00050,MESH:D008796,DB00007
DB00050,MESH:D009135,DB00007
DB00050,MESH:D009203,DB00007
DB00050,MESH:D009214,DB00007
DB00050,MESH:D009220,DB00007
DB00050,MESH:D009361,DB00007
DB00050,MESH:D010378,DB00007
DB00050,MESH:D010899,DB00007
DB00050,MESH:D010900,DB00007
DB00050,MESH:D011471,DB00007
DB00050,MESH:D011629,DB00007
DB00050,MESH:D012170,DB00007
DB00050,MESH:D012735,DB00007
DB00050,MESH:D014594,DB00007
DB00050,MESH:D018366,DB00007
DB00050,MESH:D018771,DB00007
DB00050,MESH:D019584,DB00007
DB00050,MESH:D019586,DB00007
DB00050,MESH:D020246,DB00007
DB00050,MESH:D007249,DB00007
DB00050,MESH:D020521,DB00007
DB00080,MESH:D002375,DB00007
DB00080,MESH:D002543,DB00007
DB00080,MESH:D003072,DB00007
DB00080,MESH:D003865,DB00007
DB00080,MESH:D004195,DB00007
DB00080,MESH:D004715,DB00007
DB00080,MESH:D004832,DB00007
DB00080,MESH:D005234,DB00007
DB00080,MESH:D006261,DB00007
DB00080,MESH:D007172,DB00007
DB00080,MESH:D007319,DB00007
DB00080,MESH:D007889,DB00007
DB00080,MESH:D008569,DB00007
DB00080,MESH:D008796,DB00007
DB00080,MESH:D009203,DB00007
DB00080,MESH:D009214,DB00007
DB00080,MESH:D009220,DB00007
DB00080,MESH:D009361,DB00007
DB00080,MESH:D010378,DB00007
DB00080,MESH:D010899,DB00007
DB00080,MESH:D010900,DB00007
DB00080,MESH:D011471,DB00007
DB00080,MESH:D011629,DB00007
DB00080,MESH:D012170,DB00007
DB00080,MESH:D012735,DB00007
DB00080,MESH:D014594,DB00007
DB00080,MESH:D018366,DB00007
DB00080,MESH:D018771,DB00007
DB00080,MESH:D019584,DB00007
DB00080,MESH:D019586,DB00007
DB00080,MESH:D020246,DB00007
DB00080,MESH:D007249,DB00007
DB00080,MESH:D020521,DB00007
DB00091,MESH:D003865,DB00007
DB00091,MESH:D004195,DB00007
DB00091,MESH:D004715,DB00007
DB00091,MESH:D004832,DB00007
DB00091,MESH:D007172,DB00007
DB00091,MESH:D007319,DB00007
DB00091,MESH:D007889,DB00007
DB00091,MESH:D008569,DB00007
DB00091,MESH:D008796,DB00007
DB00091,MESH:D009203,DB00007
DB00091,MESH:D009214,DB00007
DB00091,MESH:D009220,DB00007
DB00091,MESH:D009361,DB00007
DB00091,MESH:D010378,DB00007
DB00091,MESH:D010899,DB00007
DB00091,MESH:D010900,DB00007
DB00091,MESH:D011471,DB00007
DB00091,MESH:D011629,DB00007
DB00091,MESH:D012735,DB00007
DB00091,MESH:D014594,DB00007
DB00091,MESH:D018366,DB00007
DB00091,MESH:D019584,DB00007
DB00091,MESH:D019586,DB00007
DB00091,MESH:D020521,DB00007
DB00093,MESH:D002375,DB00007
DB00093,MESH:D002543,DB00007
DB00093,MESH:D003072,DB00007
DB00093,MESH:D003865,DB00007
DB00093,MESH:D004195,DB00007
DB00093,MESH:D004715,DB00007
DB00093,MESH:D004832,DB00007
DB00093,MESH:D005234,DB00007
DB00093,MESH:D006261,DB00007
DB00093,MESH:D007172,DB00007
DB00093,MESH:D007319,DB00007
DB00093,MESH:D007889,DB00007
DB00093,MESH:D008569,DB00007
DB00093,MESH:D008796,DB00007
DB00093,MESH:D009203,DB00007
DB00093,MESH:D009214,DB00007
DB00093,MESH:D009220,DB00007
DB00093,MESH:D009361,DB00007
DB00093,MESH:D010378,DB00007
DB00093,MESH:D010899,DB00007
DB00093,MESH:D010900,DB00007
DB00093,MESH:D011471,DB00007
DB00093,MESH:D011629,DB00007
DB00093,MESH:D012170,DB00007
DB00093,MESH:D012735,DB00007
DB00093,MESH:D014594,DB00007
DB00093,MESH:D018366,DB00007
DB00093,MESH:D018771,DB00007
DB00093,MESH:D019584,DB00007
DB00093,MESH:D019586,DB00007
DB00093,MESH:D020246,DB00007
DB00093,MESH:D007249,DB00007
DB00093,MESH:D020521,DB00007
DB00067,MESH:D002375,DB00007
DB00067,MESH:D002543,DB00007
DB00067,MESH:D003072,DB00007
DB00067,MESH:D003865,DB00007
DB00067,MESH:D004195,DB00007
DB00067,MESH:D004715,DB00007
DB00067,MESH:D004832,DB00007
DB00067,MESH:D005234,DB00007
DB00067,MESH:D006261,DB00007
DB00067,MESH:D007172,DB00007
DB00067,MESH:D007319,DB00007
DB00067,MESH:D007889,DB00007
DB00067,MESH:D008569,DB00007
DB00067,MESH:D008796,DB00007
DB00067,MESH:D009135,DB00007
DB00067,MESH:D009203,DB00007
DB00067,MESH:D009214,DB00007
DB00067,MESH:D009220,DB00007
DB00067,MESH:D009361,DB00007
DB00067,MESH:D010378,DB00007
DB00067,MESH:D010899,DB00007
DB00067,MESH:D010900,DB00007
DB00067,MESH:D011471,DB00007
DB00067,MESH:D011629,DB00007
DB00067,MESH:D012170,DB00007
DB00067,MESH:D012735,DB00007
DB00067,MESH:D014594,DB00007
DB00067,MESH:D018366,DB00007
DB00067,MESH:D018771,DB00007
DB00067,MESH:D019584,DB00007
DB00067,MESH:D019586,DB00007
DB00067,MESH:D020246,DB00007
DB00067,MESH:D007249,DB00007
DB00067,MESH:D020521,DB00007
DB00006,MESH:D002544,DB00035
DB00006,MESH:D003128,DB00035
DB00006,MESH:D003550,DB00035
DB00006,MESH:D003919,DB00035
DB00006,MESH:D004775,DB00035
DB00006,MESH:D006408,DB00035
DB00006,MESH:D006474,DB00035
DB00006,MESH:D006973,DB00035
DB00006,MESH:D007010,DB00035
DB00006,MESH:D008595,DB00035
DB00006,MESH:D011141,DB00035
DB00006,MESH:D011655,DB00035
DB00006,MESH:D012640,DB00035
DB00006,MESH:D013610,DB00035
DB00006,MESH:D014839,DB00035
DB00006,MESH:D014869,DB00035
DB00006,MESH:D018500,DB00035
DB00006,MESH:D020246,DB00035
DB00006,MESH:D020343,DB00035
DB00006,MESH:D020767,DB00035
DB00006,MESH:D020790,DB00035
DB00006,MESH:D053158,DB00035
DB00006,MESH:D053206,DB00035
DB00007,MESH:D002544,DB00035
DB00007,MESH:D003128,DB00035
DB00007,MESH:D003550,DB00035
DB00007,MESH:D003919,DB00035
DB00007,MESH:D004775,DB00035
DB00007,MESH:D006408,DB00035
DB00007,MESH:D006474,DB00035
DB00007,MESH:D006973,DB00035
DB00007,MESH:D007010,DB00035
DB00007,MESH:D008595,DB00035
DB00007,MESH:D011141,DB00035
DB00007,MESH:D011655,DB00035
DB00007,MESH:D012640,DB00035
DB00007,MESH:D013610,DB00035
DB00007,MESH:D014839,DB00035
DB00007,MESH:D014869,DB00035
DB00007,MESH:D018500,DB00035
DB00007,MESH:D020343,DB00035
DB00007,MESH:D020767,DB00035
DB00007,MESH:D020790,DB00035
DB00007,MESH:D053158,DB00035
DB00007,MESH:D053206,DB00035
DB00007,MESH:D013921,DB00035
DB00014,MESH:D002544,DB00035
DB00014,MESH:D003128,DB00035
DB00014,MESH:D003550,DB00035
DB00014,MESH:D003919,DB00035
DB00014,MESH:D004775,DB00035
DB00014,MESH:D006408,DB00035
DB00014,MESH:D006474,DB00035
DB00014,MESH:D006973,DB00035
DB00014,MESH:D007010,DB00035
DB00014,MESH:D008595,DB00035
DB00014,MESH:D011141,DB00035
DB00014,MESH:D011655,DB00035
DB00014,MESH:D012640,DB00035
DB00014,MESH:D013610,DB00035
DB00014,MESH:D014839,DB00035
DB00014,MESH:D014869,DB00035
DB00014,MESH:D018500,DB00035
DB00014,MESH:D020246,DB00035
DB00014,MESH:D020343,DB00035
DB00014,MESH:D020767,DB00035
DB00014,MESH:D020790,DB00035
DB00014,MESH:D053158,DB00035
DB00014,MESH:D053206,DB00035
DB00014,MESH:D013921,DB00035
DB00014,MESH:D020521,DB00035
DB00027,MESH:D002544,DB00035
DB00027,MESH:D003128,DB00035
DB00027,MESH:D003550,DB00035
DB00027,MESH:D003919,DB00035
DB00027,MESH:D004775,DB00035
DB00027,MESH:D006408,DB00035
DB00027,MESH:D006474,DB00035
DB00027,MESH:D006973,DB00035
DB00027,MESH:D007010,DB00035
DB00027,MESH:D008595,DB00035
DB00027,MESH:D011141,DB00035
DB00027,MESH:D011655,DB00035
DB00027,MESH:D012640,DB00035
DB00027,MESH:D013610,DB00035
DB00027,MESH:D014839,DB00035
DB00027,MESH:D014869,DB00035
DB00027,MESH:D018500,DB00035
DB00027,MESH:D020246,DB00035
DB00027,MESH:D020343,DB00035
DB00027,MESH:D020767,DB00035
DB00027,MESH:D020790,DB00035
DB00027,MESH:D053158,DB00035
DB00027,MESH:D053206,DB00035
DB00027,MESH:D013921,DB00035
DB00027,MESH:D020521,DB00035
DB00050,MESH:D002544,DB00035
DB00050,MESH:D003128,DB00035
DB00050,MESH:D003550,DB00035
DB00050,MESH:D003919,DB00035
DB00050,MESH:D004775,DB00035
DB00050,MESH:D006408,DB00035
DB00050,MESH:D006474,DB00035
DB00050,MESH:D006973,DB00035
DB00050,MESH:D007010,DB00035
DB00050,MESH:D008595,DB00035
DB00050,MESH:D011141,DB00035
DB00050,MESH:D011655,DB00035
DB00050,MESH:D012640,DB00035
DB00050,MESH:D013610,DB00035
DB00050,MESH:D014839,DB00035
DB00050,MESH:D014869,DB00035
DB00050,MESH:D018500,DB00035
DB00050,MESH:D020246,DB00035
DB00050,MESH:D020343,DB00035
DB00050,MESH:D020767,DB00035
DB00050,MESH:D020790,DB00035
DB00050,MESH:D053158,DB00035
DB00050,MESH:D053206,DB00035
DB00050,MESH:D013921,DB00035
DB00050,MESH:D020521,DB00035
DB00080,MESH:D002544,DB00035
DB00080,MESH:D003128,DB00035
DB00080,MESH:D003550,DB00035
DB00080,MESH:D003919,DB00035
DB00080,MESH:D004775,DB00035
DB00080,MESH:D006408,DB00035
DB00080,MESH:D006474,DB00035
DB00080,MESH:D006973,DB00035
DB00080,MESH:D007010,DB00035
DB00080,MESH:D008595,DB00035
DB00080,MESH:D011141,DB00035
DB00080,MESH:D011655,DB00035
DB00080,MESH:D012640,DB00035
DB00080,MESH:D013610,DB00035
DB00080,MESH:D014839,DB00035
DB00080,MESH:D014869,DB00035
DB00080,MESH:D018500,DB00035
DB00080,MESH:D020246,DB00035
DB00080,MESH:D020343,DB00035
DB00080,MESH:D020767,DB00035
DB00080,MESH:D020790,DB00035
DB00080,MESH:D053158,DB00035
DB00080,MESH:D053206,DB00035
DB00080,MESH:D013921,DB00035
DB00080,MESH:D020521,DB00035
DB00091,MESH:D002544,DB00035
DB00091,MESH:D003550,DB00035
DB00091,MESH:D003919,DB00035
DB00091,MESH:D004775,DB00035
DB00091,MESH:D006408,DB00035
DB00091,MESH:D006474,DB00035
DB00091,MESH:D007010,DB00035
DB00091,MESH:D008595,DB00035
DB00091,MESH:D011141,DB00035
DB00091,MESH:D014869,DB00035
DB00091,MESH:D018500,DB00035
DB00091,MESH:D020343,DB00035
DB00091,MESH:D020767,DB00035
DB00091,MESH:D020790,DB00035
DB00091,MESH:D053158,DB00035
DB00091,MESH:D053206,DB00035
DB00091,MESH:D020521,DB00035
DB00093,MESH:D002544,DB00035
DB00093,MESH:D003128,DB00035
DB00093,MESH:D003550,DB00035
DB00093,MESH:D003919,DB00035
DB00093,MESH:D004775,DB00035
DB00093,MESH:D006408,DB00035
DB00093,MESH:D006474,DB00035
DB00093,MESH:D007010,DB00035
DB00093,MESH:D008595,DB00035
DB00093,MESH:D011141,DB00035
DB00093,MESH:D011655,DB00035
DB00093,MESH:D012640,DB00035
DB00093,MESH:D013610,DB00035
DB00093,MESH:D014839,DB00035
DB00093,MESH:D014869,DB00035
DB00093,MESH:D018500,DB00035
DB00093,MESH:D020246,DB00035
DB00093,MESH:D020343,DB00035
DB00093,MESH:D020767,DB00035
DB00093,MESH:D020790,DB00035
DB00093,MESH:D053158,DB00035
DB00093,MESH:D053206,DB00035
DB00093,MESH:D013921,DB00035
DB00093,MESH:D020521,DB00035
DB00067,MESH:D002544,DB00035
DB00067,MESH:D003128,DB00035
DB00067,MESH:D003550,DB00035
DB00067,MESH:D003919,DB00035
DB00067,MESH:D004775,DB00035
DB00067,MESH:D006408,DB00035
DB00067,MESH:D006474,DB00035
DB00067,MESH:D006973,DB00035
DB00067,MESH:D007010,DB00035
DB00067,MESH:D008595,DB00035
DB00067,MESH:D011141,DB00035
DB00067,MESH:D011655,DB00035
DB00067,MESH:D012640,DB00035
DB00067,MESH:D013610,DB00035
DB00067,MESH:D014839,DB00035
DB00067,MESH:D014869,DB00035
DB00067,MESH:D018500,DB00035
DB00067,MESH:D020246,DB00035
DB00067,MESH:D020343,DB00035
DB00067,MESH:D020767,DB00035
DB00067,MESH:D020790,DB00035
DB00067,MESH:D053158,DB00035
DB00067,MESH:D053206,DB00035
DB00067,MESH:D013921,DB00035
DB00067,MESH:D020521,DB00035
DB00006,MESH:D003354,DB00080
DB00006,MESH:D004697,DB00080
DB00006,MESH:D007674,DB00080
DB00006,MESH:D008107,DB00080
DB00006,MESH:D009135,DB00080
DB00006,MESH:D010019,DB00080
DB00006,MESH:D011023,DB00080
DB00006,MESH:D011657,DB00080
DB00006,MESH:D011704,DB00080
DB00006,MESH:D012206,DB00080
DB00006,MESH:D012772,DB00080
DB00006,MESH:D013203,DB00080
DB00006,MESH:D013262,DB00080
DB00006,MESH:D016470,DB00080
DB00006,MESH:D016908,DB00080
DB00006,MESH:D016920,DB00080
DB00006,MESH:D018908,DB00080
DB00006,MESH:D056486,DB00080
DB00006,MESH:D058186,DB00080
DB00007,MESH:D003354,DB00080
DB00007,MESH:D004697,DB00080
DB00007,MESH:D007674,DB00080
DB00007,MESH:D008107,DB00080
DB00007,MESH:D010019,DB00080
DB00007,MESH:D011023,DB00080
DB00007,MESH:D011657,DB00080
DB00007,MESH:D011704,DB00080
DB00007,MESH:D012206,DB00080
DB00007,MESH:D012772,DB00080
DB00007,MESH:D013203,DB00080
DB00007,MESH:D013262,DB00080
DB00007,MESH:D016470,DB00080
DB00007,MESH:D016908,DB00080
DB00007,MESH:D016920,DB00080
DB00007,MESH:D018908,DB00080
DB00007,MESH:D056486,DB00080
DB00007,MESH:D058186,DB00080
DB00014,MESH:D003354,DB00080
DB00014,MESH:D004697,DB00080
DB00014,MESH:D007674,DB00080
DB00014,MESH:D008107,DB00080
DB00014,MESH:D009135,DB00080
DB00014,MESH:D010019,DB00080
DB00014,MESH:D011023,DB00080
DB00014,MESH:D011657,DB00080
DB00014,MESH:D011704,DB00080
DB00014,MESH:D012206,DB00080
DB00014,MESH:D012772,DB00080
DB00014,MESH:D013203,DB00080
DB00014,MESH:D013262,DB00080
DB00014,MESH:D016470,DB00080
DB00014,MESH:D016908,DB00080
DB00014,MESH:D016920,DB00080
DB00014,MESH:D018908,DB00080
DB00014,MESH:D056486,DB00080
DB00014,MESH:D058186,DB00080
DB00027,MESH:D003354,DB00080
DB00027,MESH:D004697,DB00080
DB00027,MESH:D007674,DB00080
DB00027,MESH:D008107,DB00080
DB00027,MESH:D009135,DB00080
DB00027,MESH:D010019,DB00080
DB00027,MESH:D011023,DB00080
DB00027,MESH:D011657,DB00080
DB00027,MESH:D011704,DB00080
DB00027,MESH:D012206,DB00080
DB00027,MESH:D012772,DB00080
DB00027,MESH:D013203,DB00080
DB00027,MESH:D013262,DB00080
DB00027,MESH:D016470,DB00080
DB00027,MESH:D016908,DB00080
DB00027,MESH:D016920,DB00080
DB00027,MESH:D018908,DB00080
DB00027,MESH:D056486,DB00080
DB00027,MESH:D058186,DB00080
DB00035,MESH:D003354,DB00080
DB00035,MESH:D004697,DB00080
DB00035,MESH:D007674,DB00080
DB00035,MESH:D008107,DB00080
DB00035,MESH:D009135,DB00080
DB00035,MESH:D010019,DB00080
DB00035,MESH:D011023,DB00080
DB00035,MESH:D011657,DB00080
DB00035,MESH:D011704,DB00080
DB00035,MESH:D012206,DB00080
DB00035,MESH:D012772,DB00080
DB00035,MESH:D013203,DB00080
DB00035,MESH:D013262,DB00080
DB00035,MESH:D016470,DB00080
DB00035,MESH:D016908,DB00080
DB00035,MESH:D016920,DB00080
DB00035,MESH:D018908,DB00080
DB00035,MESH:D056486,DB00080
DB00035,MESH:D058186,DB00080
DB00050,MESH:D003354,DB00080
DB00050,MESH:D004697,DB00080
DB00050,MESH:D007674,DB00080
DB00050,MESH:D008107,DB00080
DB00050,MESH:D009135,DB00080
DB00050,MESH:D010019,DB00080
DB00050,MESH:D011023,DB00080
DB00050,MESH:D011657,DB00080
DB00050,MESH:D011704,DB00080
DB00050,MESH:D012206,DB00080
DB00050,MESH:D012772,DB00080
DB00050,MESH:D013203,DB00080
DB00050,MESH:D013262,DB00080
DB00050,MESH:D016470,DB00080
DB00050,MESH:D016908,DB00080
DB00050,MESH:D016920,DB00080
DB00050,MESH:D018908,DB00080
DB00050,MESH:D056486,DB00080
DB00050,MESH:D058186,DB00080
DB00091,MESH:D003354,DB00080
DB00091,MESH:D004697,DB00080
DB00091,MESH:D010019,DB00080
DB00091,MESH:D011023,DB00080
DB00091,MESH:D011657,DB00080
DB00091,MESH:D011704,DB00080
DB00091,MESH:D012772,DB00080
DB00091,MESH:D013203,DB00080
DB00091,MESH:D016470,DB00080
DB00091,MESH:D016908,DB00080
DB00091,MESH:D016920,DB00080
DB00093,MESH:D003354,DB00080
DB00093,MESH:D004697,DB00080
DB00093,MESH:D007674,DB00080
DB00093,MESH:D008107,DB00080
DB00093,MESH:D010019,DB00080
DB00093,MESH:D011023,DB00080
DB00093,MESH:D011657,DB00080
DB00093,MESH:D011704,DB00080
DB00093,MESH:D012206,DB00080
DB00093,MESH:D012772,DB00080
DB00093,MESH:D013203,DB00080
DB00093,MESH:D013262,DB00080
DB00093,MESH:D016470,DB00080
DB00093,MESH:D016908,DB00080
DB00093,MESH:D016920,DB00080
DB00093,MESH:D018908,DB00080
DB00093,MESH:D056486,DB00080
DB00093,MESH:D058186,DB00080
DB00067,MESH:D003354,DB00080
DB00067,MESH:D004697,DB00080
DB00067,MESH:D007674,DB00080
DB00067,MESH:D008107,DB00080
DB00067,MESH:D009135,DB00080
DB00067,MESH:D010019,DB00080
DB00067,MESH:D011023,DB00080
DB00067,MESH:D011657,DB00080
DB00067,MESH:D011704,DB00080
DB00067,MESH:D012206,DB00080
DB00067,MESH:D012772,DB00080
DB00067,MESH:D013203,DB00080
DB00067,MESH:D013262,DB00080
DB00067,MESH:D016470,DB00080
DB00067,MESH:D016908,DB00080
DB00067,MESH:D016920,DB00080
DB00067,MESH:D018908,DB00080
DB00067,MESH:D056486,DB00080
DB00067,MESH:D058186,DB00080
DB00006,MESH:D003638,DB00027
DB00006,MESH:D014717,DB00027
DB00007,MESH:D003638,DB00027
DB00007,MESH:D014717,DB00027
DB00014,MESH:D003638,DB00027
DB00014,MESH:D014717,DB00027
DB00035,MESH:D003638,DB00027
DB00035,MESH:D014717,DB00027
DB00050,MESH:D003638,DB00027
DB00050,MESH:D014717,DB00027
DB00080,MESH:D003638,DB00027
DB00080,MESH:D014717,DB00027
DB00091,MESH:D003638,DB00027
DB00091,MESH:D014717,DB00027
DB00093,MESH:D003638,DB00027
DB00093,MESH:D014717,DB00027
DB00067,MESH:D003638,DB00027
DB00067,MESH:D014717,DB00027
DB00006,MESH:D006973,DB00093
DB00006,MESH:D009135,DB00093
DB00006,MESH:D009336,DB00093
DB00007,MESH:D006973,DB00093
DB00007,MESH:D009336,DB00093
DB00014,MESH:D006973,DB00093
DB00014,MESH:D009135,DB00093
DB00014,MESH:D009336,DB00093
DB00027,MESH:D006973,DB00093
DB00027,MESH:D009135,DB00093
DB00027,MESH:D009336,DB00093
DB00035,MESH:D009135,DB00093
DB00035,MESH:D009336,DB00093
DB00050,MESH:D006973,DB00093
DB00050,MESH:D009135,DB00093
DB00050,MESH:D009336,DB00093
DB00080,MESH:D006973,DB00093
DB00080,MESH:D009336,DB00093
DB00067,MESH:D006973,DB00093
DB00067,MESH:D009135,DB00093
DB00006,MESH:D009101,DB00050
DB00007,MESH:D009101,DB00050
DB00014,MESH:D009101,DB00050
DB00027,MESH:D009101,DB00050
DB00035,MESH:D009101,DB00050
DB00080,MESH:D009101,DB00050
DB00091,MESH:D009101,DB00050
DB00093,MESH:D009101,DB00050
DB00067,MESH:D009101,DB00050
DB00007,MESH:D003328,DB00006
DB00007,MESH:D006470,DB00006
DB00007,MESH:D007511,DB00006
DB00007,MESH:D013921,DB00006
DB00007,MESH:D013927,DB00006
DB00007,MESH:D016769,DB00006
DB00007,MESH:D017202,DB00006
DB00007,MESH:D020212,DB00006
DB00007,MESH:D048909,DB00006
DB00007,MESH:D054058,DB00006
DB00014,MESH:D003328,DB00006
DB00014,MESH:D006470,DB00006
DB00014,MESH:D007511,DB00006
DB00014,MESH:D013921,DB00006
DB00014,MESH:D013927,DB00006
DB00014,MESH:D016769,DB00006
DB00014,MESH:D017202,DB00006
DB00014,MESH:D020212,DB00006
DB00014,MESH:D048909,DB00006
DB00014,MESH:D054058,DB00006
DB00014,MESH:D007249,DB00006
DB00014,MESH:D020521,DB00006
DB00027,MESH:D003328,DB00006
DB00027,MESH:D006470,DB00006
DB00027,MESH:D007511,DB00006
DB00027,MESH:D013921,DB00006
DB00027,MESH:D013927,DB00006
DB00027,MESH:D016769,DB00006
DB00027,MESH:D017202,DB00006
DB00027,MESH:D020212,DB00006
DB00027,MESH:D048909,DB00006
DB00027,MESH:D054058,DB00006
DB00027,MESH:D007249,DB00006
DB00027,MESH:D020521,DB00006
DB00035,MESH:D003328,DB00006
DB00035,MESH:D006470,DB00006
DB00035,MESH:D007511,DB00006
DB00035,MESH:D013927,DB00006
DB00035,MESH:D016769,DB00006
DB00035,MESH:D017202,DB00006
DB00035,MESH:D020212,DB00006
DB00035,MESH:D048909,DB00006
DB00035,MESH:D054058,DB00006
DB00035,MESH:D007249,DB00006
DB00050,MESH:D003328,DB00006
DB00050,MESH:D006470,DB00006
DB00050,MESH:D007511,DB00006
DB00050,MESH:D013921,DB00006
DB00050,MESH:D013927,DB00006
DB00050,MESH:D016769,DB00006
DB00050,MESH:D017202,DB00006
DB00050,MESH:D020212,DB00006
DB00050,MESH:D048909,DB00006
DB00050,MESH:D054058,DB00006
DB00050,MESH:D007249,DB00006
DB00050,MESH:D020521,DB00006
DB00080,MESH:D003328,DB00006
DB00080,MESH:D006470,DB00006
DB00080,MESH:D007511,DB00006
DB00080,MESH:D013921,DB00006
DB00080,MESH:D013927,DB00006
DB00080,MESH:D016769,DB00006
DB00080,MESH:D017202,DB00006
DB00080,MESH:D020212,DB00006
DB00080,MESH:D048909,DB00006
DB00080,MESH:D054058,DB00006
DB00080,MESH:D007249,DB00006
DB00080,MESH:D020521,DB00006
DB00091,MESH:D003328,DB00006
DB00091,MESH:D007511,DB00006
DB00091,MESH:D016769,DB00006
DB00091,MESH:D017202,DB00006
DB00091,MESH:D020212,DB00006
DB00091,MESH:D048909,DB00006
DB00091,MESH:D054058,DB00006
DB00091,MESH:D020521,DB00006
DB00093,MESH:D003328,DB00006
DB00093,MESH:D006470,DB00006
DB00093,MESH:D007511,DB00006
DB00093,MESH:D013921,DB00006
DB00093,MESH:D013927,DB00006
DB00093,MESH:D016769,DB00006
DB00093,MESH:D017202,DB00006
DB00093,MESH:D020212,DB00006
DB00093,MESH:D048909,DB00006
DB00093,MESH:D054058,DB00006
DB00093,MESH:D007249,DB00006
DB00093,MESH:D020521,DB00006
DB00067,MESH:D003328,DB00006
DB00067,MESH:D007511,DB00006
DB00067,MESH:D013921,DB00006
DB00067,MESH:D013927,DB00006
DB00067,MESH:D016769,DB00006
DB00067,MESH:D020212,DB00006
DB00067,MESH:D048909,DB00006
DB00067,MESH:D054058,DB00006
DB00067,MESH:D007249,DB00006
DB00067,MESH:D020521,DB00006
