DiseaseID,number
MESH:C531609,1
MESH:C531617,2
MESH:C531755,3
MESH:C531795,4
MESH:C531835,5
MESH:C535306,6
MESH:C535323,7
MESH:C535352,8
MESH:C535393,9
MESH:C535402,10
MESH:C535438,11
MESH:C535464,12
MESH:C535469,13
MESH:C535474,14
MESH:C535485,15
MESH:C535500,16
MESH:C535506,17
MESH:C535531,18
MESH:C535542,19
MESH:C535563,20
MESH:C535581,21
MESH:C535598,22
MESH:C535648,23
MESH:C535650,24
MESH:C535670,25
MESH:C535682,26
MESH:C535686,27
MESH:C535700,28
MESH:C535761,29
MESH:C535803,30
MESH:C535833,31
MESH:C535838,32
MESH:C535932,33
MESH:C535933,34
MESH:C535944,35
MESH:C535953,36
MESH:C536004,37
MESH:C536010,38
MESH:C536063,39
MESH:C536082,40
MESH:C536096,41
MESH:C536226,42
MESH:C536312,43
MESH:C536330,44
MESH:C536334,45
MESH:C536353,46
MESH:C536357,47
MESH:C536380,48
MESH:C536392,49
MESH:C536404,50
MESH:C536421,51
MESH:C536494,52
MESH:C536495,53
MESH:C536522,54
MESH:C536525,55
MESH:C536572,56
MESH:C536595,57
MESH:C536610,58
MESH:C536683,59
MESH:C536694,60
MESH:C536777,61
MESH:C536778,62
MESH:C536779,63
MESH:C536783,64
MESH:C536797,65
MESH:C536855,66
MESH:C536875,67
MESH:C536884,68
MESH:C536901,69
MESH:C536914,70
MESH:C536957,71
MESH:C536961,72
MESH:C537030,73
MESH:C537055,74
MESH:C537072,75
MESH:C537095,76
MESH:C537150,77
MESH:C537152,78
MESH:C537153,79
MESH:C537156,80
MESH:C537181,81
MESH:C537221,82
MESH:C537268,83
MESH:C537296,84
MESH:C537345,85
MESH:C537358,86
MESH:C537372,87
MESH:C537417,88
MESH:C537422,89
MESH:C537476,90
MESH:C537480,91
MESH:C537537,92
MESH:C537630,93
MESH:C537658,94
MESH:C537700,95
MESH:C537748,96
MESH:C537757,97
MESH:C537814,98
MESH:C537844,99
MESH:C537860,100
MESH:C537884,101
MESH:C537922,102
MESH:C537948,103
MESH:C537968,104
MESH:C537996,105
MESH:C538007,106
MESH:C538011,107
MESH:C538045,108
MESH:C538117,109
MESH:C538169,110
MESH:C538173,111
MESH:C538175,112
MESH:C538178,113
MESH:C538250,114
MESH:C538260,115
MESH:C538263,116
MESH:C538268,117
MESH:C538370,118
MESH:C538421,119
MESH:C538446,120
MESH:C538458,121
MESH:C538481,122
MESH:C538525,123
MESH:C538543,124
MESH:C538556,125
MESH:C538646,126
MESH:C540770,127
MESH:C548016,128
MESH:C554498,129
MESH:C562393,130
MESH:C562463,131
MESH:C562477,132
MESH:C562565,133
MESH:C562568,134
MESH:C562573,135
MESH:C562581,136
MESH:C562707,137
MESH:C562839,138
MESH:C562942,139
MESH:C562992,140
MESH:C563161,141
MESH:C563236,142
MESH:C563387,143
MESH:C563515,144
MESH:C563614,145
MESH:C563739,146
MESH:C564013,147
MESH:C564286,148
MESH:C564616,149
MESH:C564777,150
MESH:C564945,151
MESH:C565579,152
MESH:C565662,153
MESH:C565846,154
MESH:C566417,155
MESH:C566454,156
MESH:C566627,157
MESH:C566858,158
MESH:C567144,159
MESH:C572845,160
MESH:C574275,161
MESH:D000006,162
MESH:D000007,163
MESH:D000008,164
MESH:D000013,165
MESH:D000014,166
MESH:D000015,167
MESH:D000022,168
MESH:D000026,169
MESH:D000033,170
MESH:D000034,171
MESH:D000037,172
MESH:D000038,173
MESH:D000051,174
MESH:D000067404,175
MESH:D000067836,176
MESH:D000067877,177
MESH:D000068079,178
MESH:D000070642,179
MESH:D000071056,180
MESH:D000072657,181
MESH:D000072660,182
MESH:D000075222,183
MESH:D000075224,184
MESH:D000075322,185
MESH:D000075363,186
MESH:D000077192,187
MESH:D000077195,188
MESH:D000077216,189
MESH:D000077273,190
MESH:D000077274,191
MESH:D000077277,192
MESH:D000126,193
MESH:D000137,194
MESH:D000138,195
MESH:D000140,196
MESH:D000141,197
MESH:D000142,198
MESH:D000151,199
MESH:D000152,200
MESH:D000160,201
MESH:D000163,202
MESH:D000169,203
MESH:D000170,204
MESH:D000172,205
MESH:D000193,206
MESH:D000196,207
MESH:D000208,208
MESH:D000210,209
MESH:D000219,210
MESH:D000224,211
MESH:D000230,212
MESH:D000231,213
MESH:D000236,214
MESH:D000239,215
MESH:D000257,216
MESH:D000267,217
MESH:D000274,218
MESH:D000275,219
MESH:D000292,220
MESH:D000303,221
MESH:D000306,222
MESH:D000307,223
MESH:D000308,224
MESH:D000309,225
MESH:D000310,226
MESH:D000312,227
MESH:D000326,228
MESH:D000341,229
MESH:D000347,230
MESH:D000361,231
MESH:D000370,232
MESH:D000377,233
MESH:D000379,234
MESH:D000380,235
MESH:D000381,236
MESH:D000382,237
MESH:D000386,238
MESH:D000402,239
MESH:D000405,240
MESH:D000419,241
MESH:D000430,242
MESH:D000435,243
MESH:D000437,244
MESH:D000471,245
MESH:D000472,246
MESH:D000505,247
MESH:D000506,248
MESH:D000532,249
MESH:D000542,250
MESH:D000544,251
MESH:D000550,252
MESH:D000562,253
MESH:D000568,254
MESH:D000608,255
MESH:D000647,256
MESH:D000648,257
MESH:D000686,258
MESH:D000690,259
MESH:D000707,260
MESH:D000740,261
MESH:D000741,262
MESH:D000743,263
MESH:D000744,264
MESH:D000747,265
MESH:D000748,266
MESH:D000749,267
MESH:D000751,268
MESH:D000752,269
MESH:D000753,270
MESH:D000754,271
MESH:D000755,272
MESH:D000756,273
MESH:D000757,274
MESH:D000782,275
MESH:D000783,276
MESH:D000784,277
MESH:D000787,278
MESH:D000788,279
MESH:D000789,280
MESH:D000793,281
MESH:D000795,282
MESH:D000798,283
MESH:D000799,284
MESH:D000848,285
MESH:D000849,286
MESH:D000853,287
MESH:D000855,288
MESH:D000856,289
MESH:D000857,290
MESH:D000858,291
MESH:D000860,292
MESH:D000868,293
MESH:D000881,294
MESH:D000987,295
MESH:D001002,296
MESH:D001005,297
MESH:D001006,298
MESH:D001008,299
MESH:D001010,300
MESH:D001014,301
MESH:D001017,302
MESH:D001018,303
MESH:D001019,304
MESH:D001022,305
MESH:D001024,306
MESH:D001025,307
MESH:D001028,308
MESH:D001037,309
MESH:D001039,310
MESH:D001044,311
MESH:D001049,312
MESH:D001063,313
MESH:D001068,314
MESH:D001072,315
MESH:D001100,316
MESH:D001129,317
MESH:D001139,318
MESH:D001145,319
MESH:D001146,320
MESH:D001157,321
MESH:D001161,322
MESH:D001162,323
MESH:D001165,324
MESH:D001167,325
MESH:D001168,326
MESH:D001169,327
MESH:D001170,328
MESH:D001171,329
MESH:D001172,330
MESH:D001176,331
MESH:D001177,332
MESH:D001184,333
MESH:D001195,334
MESH:D001196,335
MESH:D001201,336
MESH:D001206,337
MESH:D001228,338
MESH:D001229,339
MESH:D001237,340
MESH:D001238,341
MESH:D001247,342
MESH:D001249,343
MESH:D001250,344
MESH:D001251,345
MESH:D001254,346
MESH:D001259,347
MESH:D001260,348
MESH:D001261,349
MESH:D001264,350
MESH:D001265,351
MESH:D001281,352
MESH:D001282,353
MESH:D001284,354
MESH:D001289,355
MESH:D001308,356
MESH:D001321,357
MESH:D001327,358
MESH:D001342,359
MESH:D001404,360
MESH:D001416,361
MESH:D001424,362
MESH:D001437,363
MESH:D001442,364
MESH:D001471,365
MESH:D001477,366
MESH:D001478,367
MESH:D001480,368
MESH:D001523,369
MESH:D001528,370
MESH:D001607,371
MESH:D001649,372
MESH:D001650,373
MESH:D001651,374
MESH:D001657,375
MESH:D001660,376
MESH:D001661,377
MESH:D001714,378
MESH:D001724,379
MESH:D001733,380
MESH:D001744,381
MESH:D001745,382
MESH:D001746,383
MESH:D001747,384
MESH:D001748,385
MESH:D001749,386
MESH:D001750,387
MESH:D001752,388
MESH:D001759,389
MESH:D001762,390
MESH:D001763,391
MESH:D001764,392
MESH:D001766,393
MESH:D001768,394
MESH:D001778,395
MESH:D001791,396
MESH:D001832,397
MESH:D001835,398
MESH:D001836,399
MESH:D001847,400
MESH:D001848,401
MESH:D001849,402
MESH:D001850,403
MESH:D001851,404
MESH:D001855,405
MESH:D001859,406
MESH:D001862,407
MESH:D001883,408
MESH:D001885,409
MESH:D001899,410
MESH:D001906,411
MESH:D001913,412
MESH:D001919,413
MESH:D001922,414
MESH:D001925,415
MESH:D001926,416
MESH:D001927,417
MESH:D001928,418
MESH:D001929,419
MESH:D001930,420
MESH:D001932,421
MESH:D001941,422
MESH:D001943,423
MESH:D001982,424
MESH:D001984,425
MESH:D001986,426
MESH:D001987,427
MESH:D001988,428
MESH:D001989,429
MESH:D001991,430
MESH:D001996,431
MESH:D001997,432
MESH:D002006,433
MESH:D002012,434
MESH:D002032,435
MESH:D002037,436
MESH:D002051,437
MESH:D002054,438
MESH:D002056,439
MESH:D002057,440
MESH:D002062,441
MESH:D002095,442
MESH:D002100,443
MESH:D002105,444
MESH:D002114,445
MESH:D002128,446
MESH:D002137,447
MESH:D002169,448
MESH:D002177,449
MESH:D002178,450
MESH:D002179,451
MESH:D002180,452
MESH:D002181,453
MESH:D002189,454
MESH:D002194,455
MESH:D002249,456
MESH:D002252,457
MESH:D002276,458
MESH:D002277,459
MESH:D002278,460
MESH:D002279,461
MESH:D002280,462
MESH:D002282,463
MESH:D002283,464
MESH:D002286,465
MESH:D002288,466
MESH:D002289,467
MESH:D002291,468
MESH:D002292,469
MESH:D002294,470
MESH:D002295,471
MESH:D002296,472
MESH:D002303,473
MESH:D002305,474
MESH:D002310,475
MESH:D002311,476
MESH:D002312,477
MESH:D002313,478
MESH:D002318,479
MESH:D002340,480
MESH:D002341,481
MESH:D002349,482
MESH:D002357,483
MESH:D002371,484
MESH:D002375,485
MESH:D002385,486
MESH:D002386,487
MESH:D002389,488
MESH:D002418,489
MESH:D002422,490
MESH:D002429,491
MESH:D002446,492
MESH:D002471,493
MESH:D002472,494
MESH:D002481,495
MESH:D002493,496
MESH:D002494,497
MESH:D002524,498
MESH:D002526,499
MESH:D002528,500
MESH:D002532,501
MESH:D002534,502
MESH:D002537,503
MESH:D002538,504
MESH:D002539,505
MESH:D002542,506
MESH:D002543,507
MESH:D002544,508
MESH:D002545,509
MESH:D002546,510
MESH:D002547,511
MESH:D002558,512
MESH:D002559,513
MESH:D002561,514
MESH:D002575,515
MESH:D002577,516
MESH:D002578,517
MESH:D002581,518
MESH:D002583,519
MESH:D002590,520
MESH:D002598,521
MESH:D002607,522
MESH:D002613,523
MESH:D002637,524
MESH:D002639,525
MESH:D002644,526
MESH:D002653,527
MESH:D002658,528
MESH:D002659,529
MESH:D002690,530
MESH:D002754,531
MESH:D002759,532
MESH:D002761,533
MESH:D002764,534
MESH:D002769,535
MESH:D002779,536
MESH:D002780,537
MESH:D002805,538
MESH:D002806,539
MESH:D002813,540
MESH:D002817,541
MESH:D002819,542
MESH:D002822,543
MESH:D002825,544
MESH:D002828,545
MESH:D002832,546
MESH:D002862,547
MESH:D002869,548
MESH:D002873,549
MESH:D002908,550
MESH:D002915,551
MESH:D002916,552
MESH:D002921,553
MESH:D002971,554
MESH:D002972,555
MESH:D003015,556
MESH:D003025,557
MESH:D003027,558
MESH:D003047,559
MESH:D003048,560
MESH:D003057,561
MESH:D003072,562
MESH:D003085,563
MESH:D003092,564
MESH:D003093,565
MESH:D003095,566
MESH:D003103,567
MESH:D003108,568
MESH:D003109,569
MESH:D003110,570
MESH:D003111,571
MESH:D003112,572
MESH:D003117,573
MESH:D003123,574
MESH:D003128,575
MESH:D003130,576
MESH:D003137,577
MESH:D003139,578
MESH:D003161,579
MESH:D003218,580
MESH:D003221,581
MESH:D003229,582
MESH:D003231,583
MESH:D003233,584
MESH:D003240,585
MESH:D003244,586
MESH:D003248,587
MESH:D003251,588
MESH:D003286,589
MESH:D003288,590
MESH:D003291,591
MESH:D003294,592
MESH:D003316,593
MESH:D003318,594
MESH:D003320,595
MESH:D003323,596
MESH:D003324,597
MESH:D003327,598
MESH:D003328,599
MESH:D003329,600
MESH:D003330,601
MESH:D003354,602
MESH:D003371,603
MESH:D003384,604
MESH:D003389,605
MESH:D003394,606
MESH:D003398,607
MESH:D003409,608
MESH:D003424,609
MESH:D003428,610
MESH:D003440,611
MESH:D003449,612
MESH:D003453,613
MESH:D003456,614
MESH:D003457,615
MESH:D003480,616
MESH:D003490,617
MESH:D003536,618
MESH:D003537,619
MESH:D003550,620
MESH:D003551,621
MESH:D003554,622
MESH:D003555,623
MESH:D003556,624
MESH:D003557,625
MESH:D003560,626
MESH:D003586,627
MESH:D003616,628
MESH:D003638,629
MESH:D003639,630
MESH:D003643,631
MESH:D003645,632
MESH:D003655,633
MESH:D003665,634
MESH:D003668,635
MESH:D003677,636
MESH:D003680,637
MESH:D003681,638
MESH:D003693,639
MESH:D003704,640
MESH:D003711,641
MESH:D003715,642
MESH:D003731,643
MESH:D003744,644
MESH:D003773,645
MESH:D003784,646
MESH:D003790,647
MESH:D003865,648
MESH:D003866,649
MESH:D003872,650
MESH:D003873,651
MESH:D003874,652
MESH:D003875,653
MESH:D003876,654
MESH:D003877,655
MESH:D003881,656
MESH:D003882,657
MESH:D003914,658
MESH:D003919,659
MESH:D003920,660
MESH:D003921,661
MESH:D003922,662
MESH:D003923,663
MESH:D003924,664
MESH:D003925,665
MESH:D003926,666
MESH:D003928,667
MESH:D003929,668
MESH:D003930,669
MESH:D003967,670
MESH:D003969,671
MESH:D004065,672
MESH:D004066,673
MESH:D004108,674
MESH:D004169,675
MESH:D004172,676
MESH:D004184,677
MESH:D004195,678
MESH:D004198,679
MESH:D004204,680
MESH:D004211,681
MESH:D004213,682
MESH:D004238,683
MESH:D004239,684
MESH:D004240,685
MESH:D004244,686
MESH:D004283,687
MESH:D004310,688
MESH:D004314,689
MESH:D004342,690
MESH:D004370,691
MESH:D004374,692
MESH:D004379,693
MESH:D004381,694
MESH:D004382,695
MESH:D004387,696
MESH:D004401,697
MESH:D004403,698
MESH:D004404,699
MESH:D004405,700
MESH:D004407,701
MESH:D004408,702
MESH:D004409,703
MESH:D004412,704
MESH:D004413,705
MESH:D004414,706
MESH:D004415,707
MESH:D004417,708
MESH:D004418,709
MESH:D004421,710
MESH:D004422,711
MESH:D004427,712
MESH:D004428,713
MESH:D004437,714
MESH:D004438,715
MESH:D004443,716
MESH:D004444,717
MESH:D004454,718
MESH:D004461,719
MESH:D004476,720
MESH:D004480,721
MESH:D004483,722
MESH:D004485,723
MESH:D004487,724
MESH:D004489,725
MESH:D004605,726
MESH:D004617,727
MESH:D004618,728
MESH:D004619,729
MESH:D004620,730
MESH:D004646,731
MESH:D004652,732
MESH:D004653,733
MESH:D004660,734
MESH:D004673,735
MESH:D004677,736
MESH:D004678,737
MESH:D004679,738
MESH:D004681,739
MESH:D004684,740
MESH:D004692,741
MESH:D004694,742
MESH:D004695,743
MESH:D004696,744
MESH:D004697,745
MESH:D004698,746
MESH:D004700,747
MESH:D004701,748
MESH:D004714,749
MESH:D004715,750
MESH:D004716,751
MESH:D004719,752
MESH:D004749,753
MESH:D004751,754
MESH:D004756,755
MESH:D004760,756
MESH:D004761,757
MESH:D004769,758
MESH:D004774,759
MESH:D004775,760
MESH:D004802,761
MESH:D004803,762
MESH:D004806,763
MESH:D004820,764
MESH:D004823,765
MESH:D004827,766
MESH:D004828,767
MESH:D004829,768
MESH:D004830,769
MESH:D004831,770
MESH:D004832,771
MESH:D004833,772
MESH:D004844,773
MESH:D004881,774
MESH:D004890,775
MESH:D004892,776
MESH:D004893,777
MESH:D004915,778
MESH:D004916,779
MESH:D004927,780
MESH:D004932,781
MESH:D004933,782
MESH:D004935,783
MESH:D004938,784
MESH:D004940,785
MESH:D004941,786
MESH:D004942,787
MESH:D004948,788
MESH:D005067,789
MESH:D005076,790
MESH:D005094,791
MESH:D005099,792
MESH:D005117,793
MESH:D005119,794
MESH:D005124,795
MESH:D005126,796
MESH:D005128,797
MESH:D005130,798
MESH:D005131,799
MESH:D005132,800
MESH:D005134,801
MESH:D005141,802
MESH:D005142,803
MESH:D005146,804
MESH:D005148,805
MESH:D005151,806
MESH:D005155,807
MESH:D005156,808
MESH:D005157,809
MESH:D005158,810
MESH:D005162,811
MESH:D005183,812
MESH:D005185,813
MESH:D005198,814
MESH:D005199,815
MESH:D005203,816
MESH:D005207,817
MESH:D005208,818
MESH:D005211,819
MESH:D005221,820
MESH:D005234,821
MESH:D005235,822
MESH:D005242,823
MESH:D005244,824
MESH:D005258,825
MESH:D005262,826
MESH:D005264,827
MESH:D005271,828
MESH:D005311,829
MESH:D005313,830
MESH:D005315,831
MESH:D005316,832
MESH:D005317,833
MESH:D005322,834
MESH:D005327,835
MESH:D005329,836
MESH:D005334,837
MESH:D005335,838
MESH:D005348,839
MESH:D005350,840
MESH:D005352,841
MESH:D005354,842
MESH:D005355,843
MESH:D005356,844
MESH:D005357,845
MESH:D005368,846
MESH:D005383,847
MESH:D005391,848
MESH:D005393,849
MESH:D005401,850
MESH:D005402,851
MESH:D005414,852
MESH:D005483,853
MESH:D005494,854
MESH:D005497,855
MESH:D005499,856
MESH:D005512,857
MESH:D005517,858
MESH:D005530,859
MESH:D005532,860
MESH:D005533,861
MESH:D005534,862
MESH:D005549,863
MESH:D005596,864
MESH:D005600,865
MESH:D005621,866
MESH:D005627,867
MESH:D005667,868
MESH:D005683,869
MESH:D005687,870
MESH:D005693,871
MESH:D005705,872
MESH:D005706,873
MESH:D005715,874
MESH:D005734,875
MESH:D005739,876
MESH:D005747,877
MESH:D005756,878
MESH:D005759,879
MESH:D005761,880
MESH:D005764,881
MESH:D005767,882
MESH:D005770,883
MESH:D005776,884
MESH:D005831,885
MESH:D005832,886
MESH:D005833,887
MESH:D005834,888
MESH:D005862,889
MESH:D005871,890
MESH:D005873,891
MESH:D005879,892
MESH:D005882,893
MESH:D005884,894
MESH:D005885,895
MESH:D005886,896
MESH:D005889,897
MESH:D005891,898
MESH:D005901,899
MESH:D005902,900
MESH:D005909,901
MESH:D005910,902
MESH:D005911,903
MESH:D005921,904
MESH:D005922,905
MESH:D005923,906
MESH:D005928,907
MESH:D005929,908
MESH:D005955,909
MESH:D006008,910
MESH:D006012,911
MESH:D006029,912
MESH:D006030,913
MESH:D006042,914
MESH:D006044,915
MESH:D006053,916
MESH:D006058,917
MESH:D006059,918
MESH:D006069,919
MESH:D006073,920
MESH:D006083,921
MESH:D006086,922
MESH:D006099,923
MESH:D006102,924
MESH:D006103,925
MESH:D006104,926
MESH:D006106,927
MESH:D006111,928
MESH:D006130,929
MESH:D006177,930
MESH:D006192,931
MESH:D006201,932
MESH:D006212,933
MESH:D006222,934
MESH:D006228,935
MESH:D006229,936
MESH:D006230,937
MESH:D006255,938
MESH:D006258,939
MESH:D006259,940
MESH:D006261,941
MESH:D006311,942
MESH:D006312,943
MESH:D006314,944
MESH:D006316,945
MESH:D006317,946
MESH:D006319,947
MESH:D006323,948
MESH:D006327,949
MESH:D006330,950
MESH:D006331,951
MESH:D006332,952
MESH:D006333,953
MESH:D006335,954
MESH:D006337,955
MESH:D006341,956
MESH:D006342,957
MESH:D006343,958
MESH:D006344,959
MESH:D006345,960
MESH:D006349,961
MESH:D006356,962
MESH:D006373,963
MESH:D006374,964
MESH:D006390,965
MESH:D006391,966
MESH:D006392,967
MESH:D006394,968
MESH:D006395,969
MESH:D006396,970
MESH:D006402,971
MESH:D006406,972
MESH:D006407,973
MESH:D006408,974
MESH:D006417,975
MESH:D006423,976
MESH:D006429,977
MESH:D006431,978
MESH:D006432,979
MESH:D006456,980
MESH:D006457,981
MESH:D006461,982
MESH:D006463,983
MESH:D006465,984
MESH:D006467,985
MESH:D006469,986
MESH:D006470,987
MESH:D006471,988
MESH:D006473,989
MESH:D006474,990
MESH:D006478,991
MESH:D006479,992
MESH:D006480,993
MESH:D006484,994
MESH:D006486,995
MESH:D006491,996
MESH:D006501,997
MESH:D006502,998
MESH:D006504,999
MESH:D006505,1000
MESH:D006506,1001
MESH:D006509,1002
MESH:D006519,1003
MESH:D006520,1004
MESH:D006521,1005
MESH:D006525,1006
MESH:D006526,1007
MESH:D006527,1008
MESH:D006528,1009
MESH:D006529,1010
MESH:D006530,1011
MESH:D006547,1012
MESH:D006548,1013
MESH:D006551,1014
MESH:D006554,1015
MESH:D006556,1016
MESH:D006558,1017
MESH:D006560,1018
MESH:D006561,1019
MESH:D006562,1020
MESH:D006563,1021
MESH:D006566,1022
MESH:D006606,1023
MESH:D006616,1024
MESH:D006620,1025
MESH:D006628,1026
MESH:D006646,1027
MESH:D006660,1028
MESH:D006679,1029
MESH:D006685,1030
MESH:D006689,1031
MESH:D006712,1032
MESH:D006725,1033
MESH:D006732,1034
MESH:D006734,1035
MESH:D006816,1036
MESH:D006819,1037
MESH:D006831,1038
MESH:D006832,1039
MESH:D006848,1040
MESH:D006849,1041
MESH:D006869,1042
MESH:D006876,1043
MESH:D006925,1044
MESH:D006929,1045
MESH:D006930,1046
MESH:D006932,1047
MESH:D006934,1048
MESH:D006935,1049
MESH:D006937,1050
MESH:D006938,1051
MESH:D006939,1052
MESH:D006940,1053
MESH:D006941,1054
MESH:D006942,1055
MESH:D006943,1056
MESH:D006944,1057
MESH:D006945,1058
MESH:D006946,1059
MESH:D006947,1060
MESH:D006948,1061
MESH:D006949,1062
MESH:D006950,1063
MESH:D006951,1064
MESH:D006952,1065
MESH:D006953,1066
MESH:D006954,1067
MESH:D006955,1068
MESH:D006958,1069
MESH:D006959,1070
MESH:D006960,1071
MESH:D006961,1072
MESH:D006962,1073
MESH:D006963,1074
MESH:D006965,1075
MESH:D006966,1076
MESH:D006967,1077
MESH:D006968,1078
MESH:D006969,1079
MESH:D006970,1080
MESH:D006971,1081
MESH:D006972,1082
MESH:D006973,1083
MESH:D006974,1084
MESH:D006975,1085
MESH:D006976,1086
MESH:D006977,1087
MESH:D006978,1088
MESH:D006980,1089
MESH:D006981,1090
MESH:D006983,1091
MESH:D006984,1092
MESH:D006985,1093
MESH:D006986,1094
MESH:D006987,1095
MESH:D006988,1096
MESH:D006994,1097
MESH:D006996,1098
MESH:D006998,1099
MESH:D007000,1100
MESH:D007003,1101
MESH:D007006,1102
MESH:D007007,1103
MESH:D007008,1104
MESH:D007009,1105
MESH:D007010,1106
MESH:D007011,1107
MESH:D007012,1108
MESH:D007015,1109
MESH:D007018,1110
MESH:D007019,1111
MESH:D007020,1112
MESH:D007021,1113
MESH:D007022,1114
MESH:D007024,1115
MESH:D007027,1116
MESH:D007035,1117
MESH:D007037,1118
MESH:D007039,1119
MESH:D007040,1120
MESH:D007046,1121
MESH:D007049,1122
MESH:D007057,1123
MESH:D007077,1124
MESH:D007079,1125
MESH:D007105,1126
MESH:D007119,1127
MESH:D007153,1128
MESH:D007154,1129
MESH:D007160,1130
MESH:D007169,1131
MESH:D007172,1132
MESH:D007174,1133
MESH:D007177,1134
MESH:D007228,1135
MESH:D007232,1136
MESH:D007235,1137
MESH:D007238,1138
MESH:D007239,1139
MESH:D007246,1140
MESH:D007247,1141
MESH:D007248,1142
MESH:D007249,1143
MESH:D007251,1144
MESH:D007280,1145
MESH:D007299,1146
MESH:D007319,1147
MESH:D007333,1148
MESH:D007340,1149
MESH:D007383,1150
MESH:D007405,1151
MESH:D007409,1152
MESH:D007410,1153
MESH:D007411,1154
MESH:D007412,1155
MESH:D007414,1156
MESH:D007415,1157
MESH:D007416,1158
MESH:D007417,1159
MESH:D007418,1160
MESH:D007431,1161
MESH:D007443,1162
MESH:D007499,1163
MESH:D007500,1164
MESH:D007511,1165
MESH:D007516,1166
MESH:D007562,1167
MESH:D007565,1168
MESH:D007567,1169
MESH:D007569,1170
MESH:D007571,1171
MESH:D007579,1172
MESH:D007589,1173
MESH:D007592,1174
MESH:D007619,1175
MESH:D007627,1176
MESH:D007634,1177
MESH:D007637,1178
MESH:D007638,1179
MESH:D007642,1180
MESH:D007644,1181
MESH:D007645,1182
MESH:D007647,1183
MESH:D007662,1184
MESH:D007669,1185
MESH:D007673,1186
MESH:D007674,1187
MESH:D007676,1188
MESH:D007680,1189
MESH:D007681,1190
MESH:D007683,1191
MESH:D007690,1192
MESH:D007706,1193
MESH:D007710,1194
MESH:D007713,1195
MESH:D007718,1196
MESH:D007738,1197
MESH:D007744,1198
MESH:D007752,1199
MESH:D007759,1200
MESH:D007762,1201
MESH:D007766,1202
MESH:D007767,1203
MESH:D007775,1204
MESH:D007794,1205
MESH:D007805,1206
MESH:D007806,1207
MESH:D007815,1208
MESH:D007818,1209
MESH:D007819,1210
MESH:D007822,1211
MESH:D007826,1212
MESH:D007829,1213
MESH:D007835,1214
MESH:D007855,1215
MESH:D007859,1216
MESH:D007871,1217
MESH:D007888,1218
MESH:D007889,1219
MESH:D007890,1220
MESH:D007896,1221
MESH:D007897,1222
MESH:D007898,1223
MESH:D007905,1224
MESH:D007906,1225
MESH:D007911,1226
MESH:D007918,1227
MESH:D007925,1228
MESH:D007938,1229
MESH:D007939,1230
MESH:D007941,1231
MESH:D007942,1232
MESH:D007943,1233
MESH:D007945,1234
MESH:D007948,1235
MESH:D007951,1236
MESH:D007952,1237
MESH:D007953,1238
MESH:D007955,1239
MESH:D007960,1240
MESH:D007964,1241
MESH:D007968,1242
MESH:D007969,1243
MESH:D007970,1244
MESH:D007972,1245
MESH:D007973,1246
MESH:D007984,1247
MESH:D008010,1248
MESH:D008047,1249
MESH:D008060,1250
MESH:D008064,1251
MESH:D008067,1252
MESH:D008068,1253
MESH:D008080,1254
MESH:D008088,1255
MESH:D008100,1256
MESH:D008101,1257
MESH:D008103,1258
MESH:D008104,1259
MESH:D008105,1260
MESH:D008106,1261
MESH:D008107,1262
MESH:D008108,1263
MESH:D008109,1264
MESH:D008113,1265
MESH:D008114,1266
MESH:D008118,1267
MESH:D008133,1268
MESH:D008141,1269
MESH:D008171,1270
MESH:D008172,1271
MESH:D008173,1272
MESH:D008175,1273
MESH:D008178,1274
MESH:D008179,1275
MESH:D008180,1276
MESH:D008181,1277
MESH:D008193,1278
MESH:D008199,1279
MESH:D008201,1280
MESH:D008202,1281
MESH:D008206,1282
MESH:D008207,1283
MESH:D008209,1284
MESH:D008210,1285
MESH:D008218,1286
MESH:D008223,1287
MESH:D008224,1288
MESH:D008228,1289
MESH:D008230,1290
MESH:D008231,1291
MESH:D008232,1292
MESH:D008258,1293
MESH:D008260,1294
MESH:D008265,1295
MESH:D008268,1296
MESH:D008269,1297
MESH:D008271,1298
MESH:D008275,1299
MESH:D008286,1300
MESH:D008288,1301
MESH:D008303,1302
MESH:D008305,1303
MESH:D008325,1304
MESH:D008382,1305
MESH:D008413,1306
MESH:D008415,1307
MESH:D008439,1308
MESH:D008444,1309
MESH:D008471,1310
MESH:D008478,1311
MESH:D008480,1312
MESH:D008527,1313
MESH:D008531,1314
MESH:D008538,1315
MESH:D008545,1316
MESH:D008546,1317
MESH:D008548,1318
MESH:D008551,1319
MESH:D008569,1320
MESH:D008575,1321
MESH:D008577,1322
MESH:D008579,1323
MESH:D008580,1324
MESH:D008581,1325
MESH:D008582,1326
MESH:D008583,1327
MESH:D008584,1328
MESH:D008585,1329
MESH:D008586,1330
MESH:D008587,1331
MESH:D008588,1332
MESH:D008589,1333
MESH:D008590,1334
MESH:D008591,1335
MESH:D008595,1336
MESH:D008599,1337
MESH:D008607,1338
MESH:D008630,1339
MESH:D008637,1340
MESH:D008641,1341
MESH:D008654,1342
MESH:D008659,1343
MESH:D008661,1344
MESH:D008664,1345
MESH:D008679,1346
MESH:D008708,1347
MESH:D008796,1348
MESH:D008831,1349
MESH:D008844,1350
MESH:D008850,1351
MESH:D008865,1352
MESH:D008881,1353
MESH:D008924,1354
MESH:D008944,1355
MESH:D008946,1356
MESH:D008947,1357
MESH:D008992,1358
MESH:D008998,1359
MESH:D009006,1360
MESH:D009008,1361
MESH:D009021,1362
MESH:D009041,1363
MESH:D009050,1364
MESH:D009056,1365
MESH:D009057,1366
MESH:D009059,1367
MESH:D009062,1368
MESH:D009069,1369
MESH:D009072,1370
MESH:D009078,1371
MESH:D009080,1372
MESH:D009084,1373
MESH:D009091,1374
MESH:D009101,1375
MESH:D009102,1376
MESH:D009103,1377
MESH:D009120,1378
MESH:D009122,1379
MESH:D009123,1380
MESH:D009127,1381
MESH:D009128,1382
MESH:D009133,1383
MESH:D009134,1384
MESH:D009135,1385
MESH:D009136,1386
MESH:D009137,1387
MESH:D009139,1388
MESH:D009140,1389
MESH:D009145,1390
MESH:D009155,1391
MESH:D009157,1392
MESH:D009164,1393
MESH:D009165,1394
MESH:D009175,1395
MESH:D009181,1396
MESH:D009182,1397
MESH:D009187,1398
MESH:D009188,1399
MESH:D009190,1400
MESH:D009196,1401
MESH:D009202,1402
MESH:D009203,1403
MESH:D009205,1404
MESH:D009207,1405
MESH:D009209,1406
MESH:D009212,1407
MESH:D009214,1408
MESH:D009216,1409
MESH:D009220,1410
MESH:D009222,1411
MESH:D009223,1412
MESH:D009224,1413
MESH:D009230,1414
MESH:D009232,1415
MESH:D009260,1416
MESH:D009264,1417
MESH:D009290,1418
MESH:D009293,1419
MESH:D009298,1420
MESH:D009303,1421
MESH:D009304,1422
MESH:D009325,1423
MESH:D009336,1424
MESH:D009347,1425
MESH:D009349,1426
MESH:D009357,1427
MESH:D009358,1428
MESH:D009361,1429
MESH:D009362,1430
MESH:D009364,1431
MESH:D009369,1432
MESH:D009373,1433
MESH:D009374,1434
MESH:D009375,1435
MESH:D009376,1436
MESH:D009377,1437
MESH:D009378,1438
MESH:D009381,1439
MESH:D009382,1440
MESH:D009385,1441
MESH:D009389,1442
MESH:D009393,1443
MESH:D009395,1444
MESH:D009396,1445
MESH:D009397,1446
MESH:D009400,1447
MESH:D009401,1448
MESH:D009402,1449
MESH:D009404,1450
MESH:D009408,1451
MESH:D009410,1452
MESH:D009421,1453
MESH:D009422,1454
MESH:D009423,1455
MESH:D009436,1456
MESH:D009437,1457
MESH:D009440,1458
MESH:D009442,1459
MESH:D009443,1460
MESH:D009444,1461
MESH:D009447,1462
MESH:D009450,1463
MESH:D009459,1464
MESH:D009461,1465
MESH:D009468,1466
MESH:D009471,1467
MESH:D009472,1468
MESH:D009494,1469
MESH:D009497,1470
MESH:D009503,1471
MESH:D009617,1472
MESH:D009667,1473
MESH:D009668,1474
MESH:D009669,1475
MESH:D009748,1476
MESH:D009750,1477
MESH:D009755,1478
MESH:D009759,1479
MESH:D009765,1480
MESH:D009771,1481
MESH:D009783,1482
MESH:D009784,1483
MESH:D009798,1484
MESH:D009837,1485
MESH:D009839,1486
MESH:D009845,1487
MESH:D009846,1488
MESH:D009855,1489
MESH:D009877,1490
MESH:D009886,1491
MESH:D009889,1492
MESH:D009894,1493
MESH:D009896,1494
MESH:D009901,1495
MESH:D009902,1496
MESH:D009914,1497
MESH:D009916,1498
MESH:D009976,1499
MESH:D009999,1500
MESH:D010000,1501
MESH:D010001,1502
MESH:D010003,1503
MESH:D010005,1504
MESH:D010007,1505
MESH:D010009,1506
MESH:D010014,1507
MESH:D010018,1508
MESH:D010019,1509
MESH:D010020,1510
MESH:D010022,1511
MESH:D010024,1512
MESH:D010026,1513
MESH:D010031,1514
MESH:D010032,1515
MESH:D010033,1516
MESH:D010034,1517
MESH:D010048,1518
MESH:D010049,1519
MESH:D010051,1520
MESH:D010123,1521
MESH:D010146,1522
MESH:D010148,1523
MESH:D010149,1524
MESH:D010167,1525
MESH:D010182,1526
MESH:D010190,1527
MESH:D010192,1528
MESH:D010195,1529
MESH:D010198,1530
MESH:D010202,1531
MESH:D010211,1532
MESH:D010212,1533
MESH:D010214,1534
MESH:D010217,1535
MESH:D010229,1536
MESH:D010235,1537
MESH:D010236,1538
MESH:D010241,1539
MESH:D010243,1540
MESH:D010244,1541
MESH:D010246,1542
MESH:D010254,1543
MESH:D010255,1544
MESH:D010257,1545
MESH:D010259,1546
MESH:D010262,1547
MESH:D010264,1548
MESH:D010265,1549
MESH:D010267,1550
MESH:D010272,1551
MESH:D010273,1552
MESH:D010279,1553
MESH:D010282,1554
MESH:D010291,1555
MESH:D010292,1556
MESH:D010300,1557
MESH:D010302,1558
MESH:D010304,1559
MESH:D010307,1560
MESH:D010309,1561
MESH:D010310,1562
MESH:D010326,1563
MESH:D010373,1564
MESH:D010378,1565
MESH:D010382,1566
MESH:D010383,1567
MESH:D010390,1568
MESH:D010391,1569
MESH:D010392,1570
MESH:D010409,1571
MESH:D010411,1572
MESH:D010412,1573
MESH:D010437,1574
MESH:D010438,1575
MESH:D010439,1576
MESH:D010468,1577
MESH:D010488,1578
MESH:D010490,1579
MESH:D010493,1580
MESH:D010494,1581
MESH:D010505,1582
MESH:D010510,1583
MESH:D010518,1584
MESH:D010520,1585
MESH:D010523,1586
MESH:D010534,1587
MESH:D010538,1588
MESH:D010547,1589
MESH:D010554,1590
MESH:D010591,1591
MESH:D010608,1592
MESH:D010612,1593
MESH:D010623,1594
MESH:D010673,1595
MESH:D010689,1596
MESH:D010698,1597
MESH:D010760,1598
MESH:D010787,1599
MESH:D010842,1600
MESH:D010850,1601
MESH:D010854,1602
MESH:D010859,1603
MESH:D010864,1604
MESH:D010899,1605
MESH:D010900,1606
MESH:D010911,1607
MESH:D010916,1608
MESH:D010921,1609
MESH:D010922,1610
MESH:D010930,1611
MESH:D010939,1612
MESH:D010954,1613
MESH:D010995,1614
MESH:D010996,1615
MESH:D010997,1616
MESH:D010998,1617
MESH:D011000,1618
MESH:D011001,1619
MESH:D011007,1620
MESH:D011008,1621
MESH:D011014,1622
MESH:D011015,1623
MESH:D011018,1624
MESH:D011020,1625
MESH:D011023,1626
MESH:D011024,1627
MESH:D011026,1628
MESH:D011030,1629
MESH:D011041,1630
MESH:D011045,1631
MESH:D011085,1632
MESH:D011086,1633
MESH:D011087,1634
MESH:D011111,1635
MESH:D011115,1636
MESH:D011123,1637
MESH:D011125,1638
MESH:D011128,1639
MESH:D011129,1640
MESH:D011141,1641
MESH:D011164,1642
MESH:D011183,1643
MESH:D011186,1644
MESH:D011191,1645
MESH:D011218,1646
MESH:D011225,1647
MESH:D011226,1648
MESH:D011230,1649
MESH:D011236,1650
MESH:D011248,1651
MESH:D011249,1652
MESH:D011250,1653
MESH:D011251,1654
MESH:D011252,1655
MESH:D011271,1656
MESH:D011273,1657
MESH:D011293,1658
MESH:D011297,1659
MESH:D011317,1660
MESH:D011349,1661
MESH:D011350,1662
MESH:D011371,1663
MESH:D011469,1664
MESH:D011470,1665
MESH:D011471,1666
MESH:D011472,1667
MESH:D011475,1668
MESH:D011488,1669
MESH:D011507,1670
MESH:D011512,1671
MESH:D011528,1672
MESH:D011529,1673
MESH:D011535,1674
MESH:D011536,1675
MESH:D011537,1676
MESH:D011539,1677
MESH:D011546,1678
MESH:D011547,1679
MESH:D011552,1680
MESH:D011557,1681
MESH:D011559,1682
MESH:D011561,1683
MESH:D011565,1684
MESH:D011595,1685
MESH:D011596,1686
MESH:D011602,1687
MESH:D011604,1688
MESH:D011605,1689
MESH:D011618,1690
MESH:D011625,1691
MESH:D011628,1692
MESH:D011629,1693
MESH:D011644,1694
MESH:D011645,1695
MESH:D011654,1696
MESH:D011655,1697
MESH:D011656,1698
MESH:D011657,1699
MESH:D011658,1700
MESH:D011660,1701
MESH:D011665,1702
MESH:D011666,1703
MESH:D011668,1704
MESH:D011671,1705
MESH:D011681,1706
MESH:D011693,1707
MESH:D011694,1708
MESH:D011695,1709
MESH:D011696,1710
MESH:D011697,1711
MESH:D011702,1712
MESH:D011704,1713
MESH:D011776,1714
MESH:D011778,1715
MESH:D011782,1716
MESH:D011832,1717
MESH:D011833,1718
MESH:D011843,1719
MESH:D011855,1720
MESH:D011928,1721
MESH:D012001,1722
MESH:D012002,1723
MESH:D012003,1724
MESH:D012004,1725
MESH:D012008,1726
MESH:D012010,1727
MESH:D012019,1728
MESH:D012021,1729
MESH:D012035,1730
MESH:D012078,1731
MESH:D012080,1732
MESH:D012088,1733
MESH:D012120,1734
MESH:D012127,1735
MESH:D012128,1736
MESH:D012130,1737
MESH:D012131,1738
MESH:D012133,1739
MESH:D012135,1740
MESH:D012140,1741
MESH:D012141,1742
MESH:D012148,1743
MESH:D012162,1744
MESH:D012163,1745
MESH:D012164,1746
MESH:D012166,1747
MESH:D012170,1748
MESH:D012173,1749
MESH:D012174,1750
MESH:D012175,1751
MESH:D012178,1752
MESH:D012183,1753
MESH:D012185,1754
MESH:D012192,1755
MESH:D012202,1756
MESH:D012206,1757
MESH:D012208,1758
MESH:D012213,1759
MESH:D012214,1760
MESH:D012216,1761
MESH:D012220,1762
MESH:D012221,1763
MESH:D012279,1764
MESH:D012282,1765
MESH:D012295,1766
MESH:D012393,1767
MESH:D012421,1768
MESH:D012422,1769
MESH:D012466,1770
MESH:D012468,1771
MESH:D012478,1772
MESH:D012480,1773
MESH:D012481,1774
MESH:D012488,1775
MESH:D012507,1776
MESH:D012509,1777
MESH:D012510,1778
MESH:D012512,1779
MESH:D012513,1780
MESH:D012514,1781
MESH:D012516,1782
MESH:D012532,1783
MESH:D012552,1784
MESH:D012553,1785
MESH:D012554,1786
MESH:D012555,1787
MESH:D012559,1788
MESH:D012560,1789
MESH:D012561,1790
MESH:D012562,1791
MESH:D012563,1792
MESH:D012569,1793
MESH:D012585,1794
MESH:D012594,1795
MESH:D012595,1796
MESH:D012598,1797
MESH:D012600,1798
MESH:D012607,1799
MESH:D012608,1800
MESH:D012614,1801
MESH:D012626,1802
MESH:D012628,1803
MESH:D012640,1804
MESH:D012652,1805
MESH:D012678,1806
MESH:D012700,1807
MESH:D012713,1808
MESH:D012734,1809
MESH:D012735,1810
MESH:D012749,1811
MESH:D012751,1812
MESH:D012769,1813
MESH:D012770,1814
MESH:D012771,1815
MESH:D012772,1816
MESH:D012774,1817
MESH:D012783,1818
MESH:D012790,1819
MESH:D012791,1820
MESH:D012793,1821
MESH:D012797,1822
MESH:D012798,1823
MESH:D012804,1824
MESH:D012811,1825
MESH:D012817,1826
MESH:D012818,1827
MESH:D012829,1828
MESH:D012848,1829
MESH:D012851,1830
MESH:D012852,1831
MESH:D012857,1832
MESH:D012859,1833
MESH:D012868,1834
MESH:D012871,1835
MESH:D012872,1836
MESH:D012874,1837
MESH:D012877,1838
MESH:D012878,1839
MESH:D012883,1840
MESH:D012891,1841
MESH:D012892,1842
MESH:D012893,1843
MESH:D012912,1844
MESH:D012913,1845
MESH:D012983,1846
MESH:D013001,1847
MESH:D013009,1848
MESH:D013031,1849
MESH:D013035,1850
MESH:D013036,1851
MESH:D013064,1852
MESH:D013086,1853
MESH:D013088,1854
MESH:D013117,1855
MESH:D013118,1856
MESH:D013119,1857
MESH:D013120,1858
MESH:D013121,1859
MESH:D013122,1860
MESH:D013125,1861
MESH:D013130,1862
MESH:D013132,1863
MESH:D013158,1864
MESH:D013159,1865
MESH:D013160,1866
MESH:D013163,1867
MESH:D013166,1868
MESH:D013167,1869
MESH:D013169,1870
MESH:D013174,1871
MESH:D013180,1872
MESH:D013182,1873
MESH:D013203,1874
MESH:D013207,1875
MESH:D013217,1876
MESH:D013224,1877
MESH:D013226,1878
MESH:D013262,1879
MESH:D013272,1880
MESH:D013274,1881
MESH:D013276,1882
MESH:D013280,1883
MESH:D013281,1884
MESH:D013285,1885
MESH:D013290,1886
MESH:D013313,1887
MESH:D013319,1888
MESH:D013322,1889
MESH:D013341,1890
MESH:D013342,1891
MESH:D013344,1892
MESH:D013345,1893
MESH:D013352,1894
MESH:D013353,1895
MESH:D013375,1896
MESH:D013398,1897
MESH:D013436,1898
MESH:D013471,1899
MESH:D013478,1900
MESH:D013479,1901
MESH:D013492,1902
MESH:D013494,1903
MESH:D013529,1904
MESH:D013530,1905
MESH:D013543,1906
MESH:D013547,1907
MESH:D013575,1908
MESH:D013576,1909
MESH:D013577,1910
MESH:D013581,1911
MESH:D013584,1912
MESH:D013585,1913
MESH:D013587,1914
MESH:D013590,1915
MESH:D013610,1916
MESH:D013611,1917
MESH:D013612,1918
MESH:D013613,1919
MESH:D013614,1920
MESH:D013616,1921
MESH:D013617,1922
MESH:D013622,1923
MESH:D013625,1924
MESH:D013651,1925
MESH:D013683,1926
MESH:D013684,1927
MESH:D013700,1928
MESH:D013705,1929
MESH:D013706,1930
MESH:D013708,1931
MESH:D013724,1932
MESH:D013733,1933
MESH:D013736,1934
MESH:D013742,1935
MESH:D013746,1936
MESH:D013771,1937
MESH:D013786,1938
MESH:D013789,1939
MESH:D013832,1940
MESH:D013896,1941
MESH:D013899,1942
MESH:D013919,1943
MESH:D013920,1944
MESH:D013921,1945
MESH:D013922,1946
MESH:D013923,1947
MESH:D013924,1948
MESH:D013927,1949
MESH:D013945,1950
MESH:D013952,1951
MESH:D013953,1952
MESH:D013959,1953
MESH:D013964,1954
MESH:D013966,1955
MESH:D013967,1956
MESH:D013971,1957
MESH:D013978,1958
MESH:D013981,1959
MESH:D013984,1960
MESH:D013991,1961
MESH:D014005,1962
MESH:D014006,1963
MESH:D014008,1964
MESH:D014009,1965
MESH:D014010,1966
MESH:D014012,1967
MESH:D014029,1968
MESH:D014060,1969
MESH:D014062,1970
MESH:D014067,1971
MESH:D014069,1972
MESH:D014075,1973
MESH:D014076,1974
MESH:D014077,1975
MESH:D014098,1976
MESH:D014103,1977
MESH:D014120,1978
MESH:D014123,1979
MESH:D014125,1980
MESH:D014126,1981
MESH:D014133,1982
MESH:D014134,1983
MESH:D014135,1984
MESH:D014178,1985
MESH:D014188,1986
MESH:D014190,1987
MESH:D014201,1988
MESH:D014202,1989
MESH:D014245,1990
MESH:D014247,1991
MESH:D014252,1992
MESH:D014256,1993
MESH:D014257,1994
MESH:D014262,1995
MESH:D014277,1996
MESH:D014313,1997
MESH:D014314,1998
MESH:D014328,1999
MESH:D014339,2000
MESH:D014352,2001
MESH:D014353,2002
MESH:D014355,2003
MESH:D014376,2004
MESH:D014385,2005
MESH:D014388,2006
MESH:D014390,2007
MESH:D014391,2008
MESH:D014394,2009
MESH:D014396,2010
MESH:D014397,2011
MESH:D014398,2012
MESH:D014399,2013
MESH:D014402,2014
MESH:D014424,2015
MESH:D014428,2016
MESH:D014435,2017
MESH:D014437,2018
MESH:D014456,2019
MESH:D014474,2020
MESH:D014511,2021
MESH:D014514,2022
MESH:D014515,2023
MESH:D014516,2024
MESH:D014517,2025
MESH:D014522,2026
MESH:D014523,2027
MESH:D014524,2028
MESH:D014525,2029
MESH:D014526,2030
MESH:D014545,2031
MESH:D014549,2032
MESH:D014550,2033
MESH:D014552,2034
MESH:D014555,2035
MESH:D014564,2036
MESH:D014565,2037
MESH:D014570,2038
MESH:D014571,2039
MESH:D014581,2040
MESH:D014591,2041
MESH:D014592,2042
MESH:D014594,2043
MESH:D014596,2044
MESH:D014597,2045
MESH:D014604,2046
MESH:D014605,2047
MESH:D014606,2048
MESH:D014607,2049
MESH:D014623,2050
MESH:D014625,2051
MESH:D014627,2052
MESH:D014646,2053
MESH:D014647,2054
MESH:D014648,2055
MESH:D014652,2056
MESH:D014653,2057
MESH:D014657,2058
MESH:D014689,2059
MESH:D014693,2060
MESH:D014694,2061
MESH:D014715,2062
MESH:D014717,2063
MESH:D014718,2064
MESH:D014719,2065
MESH:D014735,2066
MESH:D014766,2067
MESH:D014770,2068
MESH:D014777,2069
MESH:D014786,2070
MESH:D014802,2071
MESH:D014806,2072
MESH:D014808,2073
MESH:D014811,2074
MESH:D014813,2075
MESH:D014820,2076
MESH:D014823,2077
MESH:D014826,2078
MESH:D014832,2079
MESH:D014839,2080
MESH:D014845,2081
MESH:D014846,2082
MESH:D014847,2083
MESH:D014854,2084
MESH:D014855,2085
MESH:D014860,2086
MESH:D014869,2087
MESH:D014883,2088
MESH:D014890,2089
MESH:D014898,2090
MESH:D014899,2091
MESH:D014901,2092
MESH:D014927,2093
MESH:D014946,2094
MESH:D014947,2095
MESH:D014949,2096
MESH:D014950,2097
MESH:D014973,2098
MESH:D014983,2099
MESH:D014985,2100
MESH:D014987,2101
MESH:D015043,2102
MESH:D015140,2103
MESH:D015154,2104
MESH:D015155,2105
MESH:D015160,2106
MESH:D015161,2107
MESH:D015163,2108
MESH:D015173,2109
MESH:D015175,2110
MESH:D015179,2111
MESH:D015207,2112
MESH:D015209,2113
MESH:D015210,2114
MESH:D015211,2115
MESH:D015212,2116
MESH:D015228,2117
MESH:D015266,2118
MESH:D015267,2119
MESH:D015270,2120
MESH:D015275,2121
MESH:D015299,2122
MESH:D015352,2123
MESH:D015354,2124
MESH:D015356,2125
MESH:D015362,2126
MESH:D015417,2127
MESH:D015422,2128
MESH:D015423,2129
MESH:D015427,2130
MESH:D015428,2131
MESH:D015430,2132
MESH:D015431,2133
MESH:D015432,2134
MESH:D015433,2135
MESH:D015434,2136
MESH:D015435,2137
MESH:D015436,2138
MESH:D015439,2139
MESH:D015440,2140
MESH:D015441,2141
MESH:D015448,2142
MESH:D015451,2143
MESH:D015452,2144
MESH:D015456,2145
MESH:D015458,2146
MESH:D015459,2147
MESH:D015461,2148
MESH:D015464,2149
MESH:D015466,2150
MESH:D015470,2151
MESH:D015473,2152
MESH:D015477,2153
MESH:D015479,2154
MESH:D015490,2155
MESH:D015493,2156
MESH:D015508,2157
MESH:D015526,2158
MESH:D015529,2159
MESH:D015535,2160
MESH:D015576,2161
MESH:D015614,2162
MESH:D015619,2163
MESH:D015620,2164
MESH:D015624,2165
MESH:D015658,2166
MESH:D015663,2167
MESH:D015673,2168
MESH:D015674,2169
MESH:D015715,2170
MESH:D015745,2171
MESH:D015746,2172
MESH:D015769,2173
MESH:D015787,2174
MESH:D015792,2175
MESH:D015812,2176
MESH:D015814,2177
MESH:D015817,2178
MESH:D015819,2179
MESH:D015821,2180
MESH:D015823,2181
MESH:D015834,2182
MESH:D015835,2183
MESH:D015837,2184
MESH:D015840,2185
MESH:D015845,2186
MESH:D015858,2187
MESH:D015861,2188
MESH:D015862,2189
MESH:D015863,2190
MESH:D015864,2191
MESH:D015866,2192
MESH:D015868,2193
MESH:D015875,2194
MESH:D015877,2195
MESH:D015878,2196
MESH:D015882,2197
MESH:D016055,2198
MESH:D016063,2199
MESH:D016066,2200
MESH:D016097,2201
MESH:D016103,2202
MESH:D016104,2203
MESH:D016111,2204
MESH:D016114,2205
MESH:D016135,2206
MESH:D016136,2207
MESH:D016137,2208
MESH:D016142,2209
MESH:D016155,2210
MESH:D016156,2211
MESH:D016170,2212
MESH:D016171,2213
MESH:D016183,2214
MESH:D016263,2215
MESH:D016301,2216
MESH:D016388,2217
MESH:D016393,2218
MESH:D016399,2219
MESH:D016400,2220
MESH:D016403,2221
MESH:D016410,2222
MESH:D016411,2223
MESH:D016459,2224
MESH:D016460,2225
MESH:D016463,2226
MESH:D016464,2227
MESH:D016469,2228
MESH:D016470,2229
MESH:D016471,2230
MESH:D016472,2231
MESH:D016481,2232
MESH:D016483,2233
MESH:D016489,2234
MESH:D016491,2235
MESH:D016506,2236
MESH:D016510,2237
MESH:D016523,2238
MESH:D016534,2239
MESH:D016535,2240
MESH:D016543,2241
MESH:D016553,2242
MESH:D016569,2243
MESH:D016574,2244
MESH:D016584,2245
MESH:D016585,2246
MESH:D016603,2247
MESH:D016609,2248
MESH:D016638,2249
MESH:D016640,2250
MESH:D016649,2251
MESH:D016659,2252
MESH:D016697,2253
MESH:D016706,2254
MESH:D016720,2255
MESH:D016727,2256
MESH:D016736,2257
MESH:D016750,2258
MESH:D016757,2259
MESH:D016769,2260
MESH:D016770,2261
MESH:D016773,2262
MESH:D016778,2263
MESH:D016779,2264
MESH:D016780,2265
MESH:D016781,2266
MESH:D016857,2267
MESH:D016862,2268
MESH:D016863,2269
MESH:D016868,2270
MESH:D016869,2271
MESH:D016870,2272
MESH:D016878,2273
MESH:D016883,2274
MESH:D016889,2275
MESH:D016891,2276
MESH:D016893,2277
MESH:D016905,2278
MESH:D016908,2279
MESH:D016918,2280
MESH:D016919,2281
MESH:D016920,2282
MESH:D016921,2283
MESH:D017001,2284
MESH:D017029,2285
MESH:D017036,2286
MESH:D017043,2287
MESH:D017086,2288
MESH:D017088,2289
MESH:D017091,2290
MESH:D017093,2291
MESH:D017094,2292
MESH:D017096,2293
MESH:D017098,2294
MESH:D017109,2295
MESH:D017114,2296
MESH:D017116,2297
MESH:D017118,2298
MESH:D017119,2299
MESH:D017180,2300
MESH:D017190,2301
MESH:D017191,2302
MESH:D017192,2303
MESH:D017194,2304
MESH:D017202,2305
MESH:D017229,2306
MESH:D017237,2307
MESH:D017240,2308
MESH:D017241,2309
MESH:D017246,2310
MESH:D017254,2311
MESH:D017285,2312
MESH:D017379,2313
MESH:D017380,2314
MESH:D017436,2315
MESH:D017444,2316
MESH:D017445,2317
MESH:D017449,2318
MESH:D017453,2319
MESH:D017454,2320
MESH:D017484,2321
MESH:D017486,2322
MESH:D017492,2323
MESH:D017495,2324
MESH:D017496,2325
MESH:D017497,2326
MESH:D017499,2327
MESH:D017511,2328
MESH:D017512,2329
MESH:D017513,2330
MESH:D017514,2331
MESH:D017520,2332
MESH:D017541,2333
MESH:D017542,2334
MESH:D017543,2335
MESH:D017544,2336
MESH:D017545,2337
MESH:D017563,2338
MESH:D017565,2339
MESH:D017566,2340
MESH:D017574,2341
MESH:D017577,2342
MESH:D017588,2343
MESH:D017590,2344
MESH:D017593,2345
MESH:D017599,2346
MESH:D017600,2347
MESH:D017674,2348
MESH:D017675,2349
MESH:D017676,2350
MESH:D017681,2351
MESH:D017682,2352
MESH:D017689,2353
MESH:D017695,2354
MESH:D017699,2355
MESH:D017700,2356
MESH:D017714,2357
MESH:D017719,2358
MESH:D017726,2359
MESH:D017728,2360
MESH:D017789,2361
MESH:D017880,2362
MESH:D017889,2363
MESH:D018088,2364
MESH:D018149,2365
MESH:D018159,2366
MESH:D018177,2367
MESH:D018184,2368
MESH:D018188,2369
MESH:D018192,2370
MESH:D018196,2371
MESH:D018197,2372
MESH:D018200,2373
MESH:D018205,2374
MESH:D018212,2375
MESH:D018213,2376
MESH:D018218,2377
MESH:D018221,2378
MESH:D018222,2379
MESH:D018223,2380
MESH:D018226,2381
MESH:D018227,2382
MESH:D018232,2383
MESH:D018233,2384
MESH:D018235,2385
MESH:D018236,2386
MESH:D018237,2387
MESH:D018239,2388
MESH:D018241,2389
MESH:D018242,2390
MESH:D018243,2391
MESH:D018248,2392
MESH:D018255,2393
MESH:D018256,2394
MESH:D018262,2395
MESH:D018263,2396
MESH:D018268,2397
MESH:D018269,2398
MESH:D018270,2399
MESH:D018273,2400
MESH:D018275,2401
MESH:D018276,2402
MESH:D018279,2403
MESH:D018281,2404
MESH:D018285,2405
MESH:D018287,2406
MESH:D018288,2407
MESH:D018290,2408
MESH:D018301,2409
MESH:D018302,2410
MESH:D018305,2411
MESH:D018307,2412
MESH:D018316,2413
MESH:D018317,2414
MESH:D018318,2415
MESH:D018325,2416
MESH:D018327,2417
MESH:D018328,2418
MESH:D018352,2419
MESH:D018357,2420
MESH:D018358,2421
MESH:D018366,2422
MESH:D018376,2423
MESH:D018382,2424
MESH:D018409,2425
MESH:D018410,2426
MESH:D018437,2427
MESH:D018438,2428
MESH:D018442,2429
MESH:D018450,2430
MESH:D018457,2431
MESH:D018458,2432
MESH:D018461,2433
MESH:D018476,2434
MESH:D018487,2435
MESH:D018488,2436
MESH:D018496,2437
MESH:D018497,2438
MESH:D018500,2439
MESH:D018512,2440
MESH:D018549,2441
MESH:D018567,2442
MESH:D018589,2443
MESH:D018633,2444
MESH:D018636,2445
MESH:D018677,2446
MESH:D018746,2447
MESH:D018754,2448
MESH:D018771,2449
MESH:D018777,2450
MESH:D018781,2451
MESH:D018783,2452
MESH:D018784,2453
MESH:D018785,2454
MESH:D018792,2455
MESH:D018798,2456
MESH:D018805,2457
MESH:D018827,2458
MESH:D018856,2459
MESH:D018879,2460
MESH:D018880,2461
MESH:D018883,2462
MESH:D018908,2463
MESH:D018917,2464
MESH:D018921,2465
MESH:D018923,2466
MESH:D018979,2467
MESH:D019043,2468
MESH:D019046,2469
MESH:D019048,2470
MESH:D019052,2471
MESH:D019066,2472
MESH:D019082,2473
MESH:D019106,2474
MESH:D019115,2475
MESH:D019121,2476
MESH:D019150,2477
MESH:D019189,2478
MESH:D019190,2479
MESH:D019214,2480
MESH:D019226,2481
MESH:D019247,2482
MESH:D019263,2483
MESH:D019282,2484
MESH:D019283,2485
MESH:D019305,2486
MESH:D019310,2487
MESH:D019315,2488
MESH:D019337,2489
MESH:D019446,2490
MESH:D019457,2491
MESH:D019462,2492
MESH:D019465,2493
MESH:D019512,2494
MESH:D019522,2495
MESH:D019547,2496
MESH:D019557,2497
MESH:D019559,2498
MESH:D019569,2499
MESH:D019575,2500
MESH:D019578,2501
MESH:D019584,2502
MESH:D019586,2503
MESH:D019588,2504
MESH:D019636,2505
MESH:D019693,2506
MESH:D019694,2507
MESH:D019698,2508
MESH:D019767,2509
MESH:D019846,2510
MESH:D019851,2511
MESH:D019867,2512
MESH:D019873,2513
MESH:D019896,2514
MESH:D019954,2515
MESH:D019955,2516
MESH:D019956,2517
MESH:D019957,2518
MESH:D019958,2519
MESH:D019962,2520
MESH:D019964,2521
MESH:D019965,2522
MESH:D019966,2523
MESH:D019967,2524
MESH:D019968,2525
MESH:D019969,2526
MESH:D019970,2527
MESH:D019973,2528
MESH:D020016,2529
MESH:D020018,2530
MESH:D020019,2531
MESH:D020031,2532
MESH:D020065,2533
MESH:D020069,2534
MESH:D020078,2535
MESH:D020083,2536
MESH:D020096,2537
MESH:D020138,2538
MESH:D020139,2539
MESH:D020141,2540
MESH:D020144,2541
MESH:D020145,2542
MESH:D020146,2543
MESH:D020149,2544
MESH:D020151,2545
MESH:D020152,2546
MESH:D020158,2547
MESH:D020163,2548
MESH:D020165,2549
MESH:D020176,2550
MESH:D020178,2551
MESH:D020179,2552
MESH:D020181,2553
MESH:D020182,2554
MESH:D020184,2555
MESH:D020186,2556
MESH:D020187,2557
MESH:D020189,2558
MESH:D020190,2559
MESH:D020191,2560
MESH:D020192,2561
MESH:D020194,2562
MESH:D020195,2563
MESH:D020198,2564
MESH:D020199,2565
MESH:D020200,2566
MESH:D020201,2567
MESH:D020202,2568
MESH:D020206,2569
MESH:D020211,2570
MESH:D020212,2571
MESH:D020215,2572
MESH:D020220,2573
MESH:D020225,2574
MESH:D020226,2575
MESH:D020230,2576
MESH:D020232,2577
MESH:D020233,2578
MESH:D020234,2579
MESH:D020235,2580
MESH:D020236,2581
MESH:D020237,2582
MESH:D020240,2583
MESH:D020244,2584
MESH:D020246,2585
MESH:D020250,2586
MESH:D020256,2587
MESH:D020257,2588
MESH:D020258,2589
MESH:D020260,2590
MESH:D020261,2591
MESH:D020262,2592
MESH:D020263,2593
MESH:D020264,2594
MESH:D020267,2595
MESH:D020268,2596
MESH:D020270,2597
MESH:D020275,2598
MESH:D020277,2599
MESH:D020293,2600
MESH:D020294,2601
MESH:D020295,2602
MESH:D020299,2603
MESH:D020300,2604
MESH:D020301,2605
MESH:D020306,2606
MESH:D020314,2607
MESH:D020323,2608
MESH:D020324,2609
MESH:D020325,2610
MESH:D020326,2611
MESH:D020329,2612
MESH:D020330,2613
MESH:D020331,2614
MESH:D020335,2615
MESH:D020336,2616
MESH:D020338,2617
MESH:D020339,2618
MESH:D020343,2619
MESH:D020345,2620
MESH:D020347,2621
MESH:D020370,2622
MESH:D020385,2623
MESH:D020386,2624
MESH:D020388,2625
MESH:D020417,2626
MESH:D020421,2627
MESH:D020422,2628
MESH:D020423,2629
MESH:D020424,2630
MESH:D020425,2631
MESH:D020426,2632
MESH:D020427,2633
MESH:D020428,2634
MESH:D020429,2635
MESH:D020431,2636
MESH:D020432,2637
MESH:D020433,2638
MESH:D020434,2639
MESH:D020435,2640
MESH:D020437,2641
MESH:D020447,2642
MESH:D020511,2643
MESH:D020514,2644
MESH:D020516,2645
MESH:D020518,2646
MESH:D020520,2647
MESH:D020521,2648
MESH:D020522,2649
MESH:D020526,2650
MESH:D020528,2651
MESH:D020529,2652
MESH:D020567,2653
MESH:D020720,2654
MESH:D020734,2655
MESH:D020739,2656
MESH:D020751,2657
MESH:D020754,2658
MESH:D020757,2659
MESH:D020758,2660
MESH:D020759,2661
MESH:D020760,2662
MESH:D020762,2663
MESH:D020763,2664
MESH:D020765,2665
MESH:D020766,2666
MESH:D020767,2667
MESH:D020773,2668
MESH:D020774,2669
MESH:D020790,2670
MESH:D020795,2671
MESH:D020802,2672
MESH:D020803,2673
MESH:D020806,2674
MESH:D020817,2675
MESH:D020820,2676
MESH:D020821,2677
MESH:D020828,2678
MESH:D020833,2679
MESH:D020852,2680
MESH:D020863,2681
MESH:D020879,2682
MESH:D020886,2683
MESH:D020896,2684
MESH:D020915,2685
MESH:D020918,2686
MESH:D020919,2687
MESH:D020920,2688
MESH:D020922,2689
MESH:D020924,2690
MESH:D020925,2691
MESH:D020936,2692
MESH:D020945,2693
MESH:D020953,2694
MESH:D020955,2695
MESH:D020961,2696
MESH:D020964,2697
MESH:D020967,2698
MESH:D020968,2699
MESH:D021081,2700
MESH:D021182,2701
MESH:D021441,2702
MESH:D021501,2703
MESH:D021782,2704
MESH:D022124,2705
MESH:D023341,2706
MESH:D023903,2707
MESH:D023921,2708
MESH:D023981,2709
MESH:D024801,2710
MESH:D024821,2711
MESH:D025242,2712
MESH:D026681,2713
MESH:D027601,2714
MESH:D028227,2715
MESH:D028361,2716
MESH:D029241,2717
MESH:D029242,2718
MESH:D029424,2719
MESH:D029481,2720
MESH:D029502,2721
MESH:D029503,2722
MESH:D029597,2723
MESH:D030342,2724
MESH:D030361,2725
MESH:D030401,2726
MESH:D031300,2727
MESH:D033461,2728
MESH:D034141,2729
MESH:D034161,2730
MESH:D034321,2731
MESH:D034381,2732
MESH:D034701,2733
MESH:D034721,2734
MESH:D036981,2735
MESH:D038062,2736
MESH:D038261,2737
MESH:D039682,2738
MESH:D041761,2739
MESH:D041781,2740
MESH:D041881,2741
MESH:D042822,2742
MESH:D042882,2743
MESH:D042883,2744
MESH:D043171,2745
MESH:D043183,2746
MESH:D044148,2747
MESH:D044342,2748
MESH:D044483,2749
MESH:D044504,2750
MESH:D044584,2751
MESH:D044882,2752
MESH:D044903,2753
MESH:D045169,2754
MESH:D045262,2755
MESH:D045602,2756
MESH:D045743,2757
MESH:D045745,2758
MESH:D045822,2759
MESH:D045823,2760
MESH:D045826,2761
MESH:D045828,2762
MESH:D046088,2763
MESH:D046089,2764
MESH:D046110,2765
MESH:D046152,2766
MESH:D046349,2767
MESH:D046350,2768
MESH:D046351,2769
MESH:D046449,2770
MESH:D046628,2771
MESH:D046648,2772
MESH:D046649,2773
MESH:D046748,2774
MESH:D046768,2775
MESH:D047508,2776
MESH:D047748,2777
MESH:D047928,2778
MESH:D048550,2779
MESH:D048629,2780
MESH:D048909,2781
MESH:D048949,2782
MESH:D048968,2783
MESH:D049188,2784
MESH:D049310,2785
MESH:D049912,2786
MESH:D049950,2787
MESH:D049970,2788
MESH:D050031,2789
MESH:D050171,2790
MESH:D050177,2791
MESH:D050197,2792
MESH:D050500,2793
MESH:D050723,2794
MESH:D050798,2795
MESH:D051261,2796
MESH:D051270,2797
MESH:D051271,2798
MESH:D051299,2799
MESH:D051302,2800
MESH:D051346,2801
MESH:D051359,2802
MESH:D051436,2803
MESH:D051437,2804
MESH:D051474,2805
MESH:D051516,2806
MESH:D051799,2807
MESH:D052016,2808
MESH:D052018,2809
MESH:D052177,2810
MESH:D052256,2811
MESH:D052439,2812
MESH:D052456,2813
MESH:D052496,2814
MESH:D052556,2815
MESH:D052776,2816
MESH:D052801,2817
MESH:D052858,2818
MESH:D052878,2819
MESH:D052879,2820
MESH:D052880,2821
MESH:D053040,2822
MESH:D053098,2823
MESH:D053099,2824
MESH:D053120,2825
MESH:D053158,2826
MESH:D053159,2827
MESH:D053201,2828
MESH:D053202,2829
MESH:D053206,2830
MESH:D053207,2831
MESH:D053448,2832
MESH:D053565,2833
MESH:D053578,2834
MESH:D053584,2835
MESH:D053591,2836
MESH:D053608,2837
MESH:D053609,2838
MESH:D053627,2839
MESH:D053713,2840
MESH:D053714,2841
MESH:D053718,2842
MESH:D053840,2843
MESH:D053842,2844
MESH:D054038,2845
MESH:D054039,2846
MESH:D054058,2847
MESH:D054059,2848
MESH:D054060,2849
MESH:D054061,2850
MESH:D054066,2851
MESH:D054068,2852
MESH:D054078,2853
MESH:D054079,2854
MESH:D054084,2855
MESH:D054138,2856
MESH:D054139,2857
MESH:D054141,2858
MESH:D054143,2859
MESH:D054144,2860
MESH:D054179,2861
MESH:D054198,2862
MESH:D054218,2863
MESH:D054220,2864
MESH:D054221,2865
MESH:D054318,2866
MESH:D054319,2867
MESH:D054331,2868
MESH:D054391,2869
MESH:D054429,2870
MESH:D054438,2871
MESH:D054517,2872
MESH:D054537,2873
MESH:D054549,2874
MESH:D054556,2875
MESH:D054559,2876
MESH:D054685,2877
MESH:D054747,2878
MESH:D054882,2879
MESH:D054908,2880
MESH:D054971,2881
MESH:D054972,2882
MESH:D054989,2883
MESH:D054990,2884
MESH:D055009,2885
MESH:D055013,2886
MESH:D055031,2887
MESH:D055092,2888
MESH:D055111,2889
MESH:D055112,2890
MESH:D055154,2891
MESH:D055191,2892
MESH:D055370,2893
MESH:D055371,2894
MESH:D055496,2895
MESH:D055613,2896
MESH:D055623,2897
MESH:D055665,2898
MESH:D055728,2899
MESH:D055732,2900
MESH:D055744,2901
MESH:D055752,2902
MESH:D055756,2903
MESH:D055948,2904
MESH:D055953,2905
MESH:D055959,2906
MESH:D055963,2907
MESH:D055964,2908
MESH:D055985,2909
MESH:D056006,2910
MESH:D056150,2911
MESH:D056151,2912
MESH:D056486,2913
MESH:D056487,2914
MESH:D056586,2915
MESH:D056627,2916
MESH:D056647,2917
MESH:D056648,2918
MESH:D056650,2919
MESH:D056653,2920
MESH:D056693,2921
MESH:D056735,2922
MESH:D056769,2923
MESH:D056784,2924
MESH:D056806,2925
MESH:D056828,2926
MESH:D056829,2927
MESH:D056844,2928
MESH:D056889,2929
MESH:D056912,2930
MESH:D056929,2931
MESH:D056987,2932
MESH:D056988,2933
MESH:D057045,2934
MESH:D057049,2935
MESH:D057066,2936
MESH:D057096,2937
MESH:D057112,2938
MESH:D057180,2939
MESH:D057215,2940
MESH:D057767,2941
MESH:D057772,2942
MESH:D057774,2943
MESH:D057896,2944
MESH:D057973,2945
MESH:D058065,2946
MESH:D058186,2947
MESH:D058225,2948
MESH:D058226,2949
MESH:D058267,2950
MESH:D058365,2951
MESH:D058387,2952
MESH:D058405,2953
MESH:D058426,2954
MESH:D058437,2955
MESH:D058447,2956
MESH:D058496,2957
MESH:D058540,2958
MESH:D058565,2959
MESH:D058566,2960
MESH:D058625,2961
MESH:D058729,2962
MESH:D058734,2963
MESH:D058739,2964
MESH:D058866,2965
MESH:D058922,2966
MESH:D058926,2967
MESH:D059226,2968
MESH:D059246,2969
MESH:D059249,2970
MESH:D059265,2971
MESH:D059348,2972
MESH:D059350,2973
MESH:D059352,2974
MESH:D059366,2975
MESH:D059373,2976
MESH:D059445,2977
MESH:D059606,2978
MESH:D059787,2979
MESH:D060050,2980
MESH:D060446,2981
MESH:D060585,2982
MESH:D060605,2983
MESH:D060825,2984
MESH:D060831,2985
MESH:D061205,2986
MESH:D061206,2987
MESH:D062025,2988
MESH:D062787,2989
MESH:D063646,2990
MESH:D063647,2991
MESH:D063766,2992
MESH:D063806,2993
MESH:D064129,2994
MESH:D064147,2995
MESH:D064419,2996
MESH:D064420,2997
MESH:D064726,2998
MESH:D064793,2999
MESH:D064806,3000
MESH:D065306,3001
MESH:D065606,3002
MESH:D065626,3003
MESH:D065630,3004
MESH:D065631,3005
MESH:D065646,3006
MESH:D065666,3007
MESH:D065766,3008
MESH:D065817,3009
MESH:D065886,3010
MESH:D066088,3011
MESH:D066126,3012
MESH:D066253,3013
OMIM:102530,3014
OMIM:146850,3015
OMIM:188890,3016
OMIM:248310,3017
OMIM:610141,3018
OMIM:613290,3019
