DrugID,number
DB00001,1376
DB00004,1377
DB00006,1378
DB00007,1379
DB00008,1380
DB00011,1381
DB00014,1382
DB00015,1383
DB00016,1384
DB00017,1385
DB00019,1386
DB00020,1387
DB00022,1388
DB00026,1389
DB00027,1390
DB00035,1391
DB00038,1392
DB00040,1393
DB00041,1394
DB00042,1395
DB00047,1396
DB00050,1397
DB00056,1398
DB00063,1399
DB00067,1400
DB00068,1401
DB00069,1402
DB00080,1403
DB00082,1404
DB00083,1405
DB00091,1406
DB00093,1407
DB00099,1408
DB00104,1409
DB00105,1410
DB00107,1411
DB00109,1412
DB00114,1413
DB00115,1414
DB00116,1415
DB00118,1416
DB00119,1417
DB00121,1418
DB00122,1419
DB00126,1420
DB00127,1421
DB00131,1422
DB00132,1423
DB00134,1424
DB00136,1425
DB00137,1426
DB00138,1427
DB00139,1428
DB00140,1429
DB00141,1430
DB00143,1431
DB00144,1432
DB00145,1433
DB00146,1434
DB00147,1435
DB00148,1436
DB00151,1437
DB00152,1438
DB00153,1439
DB00154,1440
DB00157,1441
DB00158,1442
DB00159,1443
DB00160,1444
DB00162,1445
DB00165,1446
DB00166,1447
DB00168,1448
DB00169,1449
DB00170,1450
DB00171,1451
DB00173,1452
DB00175,1453
DB00176,1454
DB00177,1455
DB00178,1456
DB00179,1457
DB00180,1458
DB00181,1459
DB00182,1460
DB00183,1461
DB00184,1462
DB00185,1463
DB00186,1464
DB00187,1465
DB00188,1466
DB00189,1467
DB00190,1468
DB00191,1469
DB00192,1470
DB00193,1471
DB00194,1472
DB00195,1473
DB00196,1474
DB00197,1475
DB00198,1476
DB00199,1477
DB00200,1478
DB00201,1479
DB00202,1480
DB00203,1481
DB00204,1482
DB00205,1483
DB00206,1484
DB00207,1485
DB00208,1486
DB00210,1487
DB00211,1488
DB00212,1489
DB00213,1490
DB00214,1491
DB00215,1492
DB00216,1493
DB00217,1494
DB00218,1495
DB00219,1496
DB00220,1497
DB00222,1498
DB00223,1499
DB00224,1500
DB00225,1501
DB00226,1502
DB00227,1503
DB00228,1504
DB00229,1505
DB00230,1506
DB00231,1507
DB00232,1508
DB00233,1509
DB00234,1510
DB00235,1511
DB00236,1512
DB00238,1513
DB00239,1514
DB00242,1515
DB00243,1516
DB00244,1517
DB00245,1518
DB00246,1519
DB00247,1520
DB00248,1521
DB00249,1522
DB00250,1523
DB00251,1524
DB00252,1525
DB00254,1526
DB00255,1527
DB00256,1528
DB00257,1529
DB00260,1530
DB00261,1531
DB00262,1532
DB00263,1533
DB00264,1534
DB00266,1535
DB00267,1536
DB00268,1537
DB00269,1538
DB00270,1539
DB00271,1540
DB00273,1541
DB00274,1542
DB00275,1543
DB00276,1544
DB00277,1545
DB00278,1546
DB00279,1547
DB00280,1548
DB00281,1549
DB00282,1550
DB00283,1551
DB00284,1552
DB00285,1553
DB00287,1554
DB00288,1555
DB00289,1556
DB00290,1557
DB00291,1558
DB00292,1559
DB00293,1560
DB00294,1561
DB00295,1562
DB00296,1563
DB00297,1564
DB00299,1565
DB00300,1566
DB00301,1567
DB00302,1568
DB00303,1569
DB00304,1570
DB00305,1571
DB00307,1572
DB00308,1573
DB00309,1574
DB00310,1575
DB00311,1576
DB00312,1577
DB00313,1578
DB00314,1579
DB00315,1580
DB00316,1581
DB00317,1582
DB00318,1583
DB00319,1584
DB00320,1585
DB00321,1586
DB00322,1587
DB00323,1588
DB00324,1589
DB00325,1590
DB00327,1591
DB00328,1592
DB00330,1593
DB00331,1594
DB00332,1595
DB00333,1596
DB00334,1597
DB00335,1598
DB00336,1599
DB00337,1600
DB00338,1601
DB00339,1602
DB00340,1603
DB00341,1604
DB00342,1605
DB00343,1606
DB00344,1607
DB00345,1608
DB00346,1609
DB00347,1610
DB00348,1611
DB00349,1612
DB00350,1613
DB00351,1614
DB00352,1615
DB00353,1616
DB00355,1617
DB00356,1618
DB00357,1619
DB00358,1620
DB00359,1621
DB00360,1622
DB00361,1623
DB00362,1624
DB00363,1625
DB00364,1626
DB00365,1627
DB00367,1628
DB00368,1629
DB00369,1630
DB00370,1631
DB00371,1632
DB00372,1633
DB00373,1634
DB00375,1635
DB00376,1636
DB00377,1637
DB00378,1638
DB00379,1639
DB00380,1640
DB00381,1641
DB00382,1642
DB00383,1643
DB00384,1644
DB00385,1645
DB00387,1646
DB00388,1647
DB00389,1648
DB00390,1649
DB00391,1650
DB00392,1651
DB00393,1652
DB00394,1653
DB00395,1654
DB00396,1655
DB00397,1656
DB00398,1657
DB00399,1658
DB00400,1659
DB00401,1660
DB00402,1661
DB00403,1662
DB00404,1663
DB00405,1664
DB00408,1665
DB00409,1666
DB00411,1667
DB00412,1668
DB00413,1669
DB00414,1670
DB00415,1671
DB00416,1672
DB00417,1673
DB00418,1674
DB00419,1675
DB00420,1676
DB00421,1677
DB00422,1678
DB00423,1679
DB00425,1680
DB00426,1681
DB00427,1682
DB00428,1683
DB00429,1684
DB00431,1685
DB00432,1686
DB00433,1687
DB00434,1688
DB00435,1689
DB00436,1690
DB00437,1691
DB00438,1692
DB00439,1693
DB00440,1694
DB00441,1695
DB00442,1696
DB00443,1697
DB00444,1698
DB00445,1699
DB00446,1700
DB00447,1701
DB00448,1702
DB00449,1703
DB00450,1704
DB00451,1705
DB00452,1706
DB00454,1707
DB00455,1708
DB00456,1709
DB00457,1710
DB00458,1711
DB00459,1712
DB00460,1713
DB00461,1714
DB00464,1715
DB00465,1716
DB00466,1717
DB00467,1718
DB00468,1719
DB00469,1720
DB00470,1721
DB00471,1722
DB00472,1723
DB00474,1724
DB00475,1725
DB00476,1726
DB00477,1727
DB00478,1728
DB00479,1729
DB00480,1730
DB00481,1731
DB00482,1732
DB00483,1733
DB00484,1734
DB00485,1735
DB00486,1736
DB00487,1737
DB00488,1738
DB00489,1739
DB00490,1740
DB00491,1741
DB00492,1742
DB00493,1743
DB00494,1744
DB00495,1745
DB00496,1746
DB00497,1747
DB00498,1748
DB00499,1749
DB00500,1750
DB00501,1751
DB00502,1752
DB00503,1753
DB00504,1754
DB00505,1755
DB00507,1756
DB00508,1757
DB00509,1758
DB00512,1759
DB00513,1760
DB00514,1761
DB00515,1762
DB00518,1763
DB00519,1764
DB00520,1765
DB00521,1766
DB00523,1767
DB00524,1768
DB00525,1769
DB00526,1770
DB00527,1771
DB00528,1772
DB00529,1773
DB00530,1774
DB00531,1775
DB00532,1776
DB00533,1777
DB00535,1778
DB00536,1779
DB00537,1780
DB00538,1781
DB00539,1782
DB00540,1783
DB00541,1784
DB00542,1785
DB00543,1786
DB00544,1787
DB00545,1788
DB00546,1789
DB00547,1790
DB00548,1791
DB00549,1792
DB00550,1793
DB00551,1794
DB00552,1795
DB00553,1796
DB00554,1797
DB00555,1798
DB00556,1799
DB00557,1800
DB00558,1801
DB00559,1802
DB00560,1803
DB00561,1804
DB00563,1805
DB00564,1806
DB00565,1807
DB00566,1808
DB00567,1809
DB00568,1810
DB00569,1811
DB00570,1812
DB00571,1813
DB00572,1814
DB00573,1815
DB00574,1816
DB00575,1817
DB00576,1818
DB00577,1819
DB00578,1820
DB00579,1821
DB00580,1822
DB00581,1823
DB00582,1824
DB00583,1825
DB00584,1826
DB00585,1827
DB00586,1828
DB00588,1829
DB00589,1830
DB00590,1831
DB00591,1832
DB00592,1833
DB00593,1834
DB00594,1835
DB00595,1836
DB00598,1837
DB00599,1838
DB00600,1839
DB00601,1840
DB00602,1841
DB00603,1842
DB00604,1843
DB00605,1844
DB00606,1845
DB00607,1846
DB00608,1847
DB00609,1848
DB00610,1849
DB00611,1850
DB00612,1851
DB00613,1852
DB00614,1853
DB00615,1854
DB00616,1855
DB00617,1856
DB00618,1857
DB00619,1858
DB00620,1859
DB00621,1860
DB00622,1861
DB00623,1862
DB00624,1863
DB00625,1864
DB00626,1865
DB00627,1866
DB00628,1867
DB00629,1868
DB00630,1869
DB00631,1870
DB00633,1871
DB00634,1872
DB00635,1873
DB00636,1874
DB00637,1875
DB00638,1876
DB00640,1877
DB00641,1878
DB00642,1879
DB00643,1880
DB00644,1881
DB00645,1882
DB00646,1883
DB00647,1884
DB00648,1885
DB00649,1886
DB00650,1887
DB00651,1888
DB00652,1889
DB00653,1890
DB00654,1891
DB00655,1892
DB00656,1893
DB00657,1894
DB00658,1895
DB00659,1896
DB00660,1897
DB00661,1898
DB00662,1899
DB00663,1900
DB00665,1901
DB00668,1902
DB00669,1903
DB00670,1904
DB00671,1905
DB00672,1906
DB00673,1907
DB00674,1908
DB00675,1909
DB00676,1910
DB00677,1911
DB00678,1912
DB00679,1913
DB00680,1914
DB00681,1915
DB00682,1916
DB00683,1917
DB00684,1918
DB00685,1919
DB00686,1920
DB00687,1921
DB00688,1922
DB00689,1923
DB00690,1924
DB00691,1925
DB00692,1926
DB00693,1927
DB00694,1928
DB00695,1929
DB00696,1930
DB00697,1931
DB00698,1932
DB00699,1933
DB00701,1934
DB00702,1935
DB00703,1936
DB00704,1937
DB00705,1938
DB00706,1939
DB00707,1940
DB00708,1941
DB00709,1942
DB00710,1943
DB00711,1944
DB00712,1945
DB00713,1946
DB00714,1947
DB00715,1948
DB00716,1949
DB00717,1950
DB00718,1951
DB00719,1952
DB00720,1953
DB00721,1954
DB00722,1955
DB00723,1956
DB00724,1957
DB00726,1958
DB00727,1959
DB00728,1960
DB00730,1961
DB00731,1962
DB00732,1963
DB00733,1964
DB00734,1965
DB00736,1966
DB00737,1967
DB00738,1968
DB00740,1969
DB00741,1970
DB00742,1971
DB00744,1972
DB00745,1973
DB00746,1974
DB00747,1975
DB00748,1976
DB00749,1977
DB00750,1978
DB00751,1979
DB00752,1980
DB00753,1981
DB00754,1982
DB00755,1983
DB00756,1984
DB00757,1985
DB00758,1986
DB00759,1987
DB00760,1988
DB00761,1989
DB00762,1990
DB00763,1991
DB00764,1992
DB00766,1993
DB00767,1994
DB00768,1995
DB00770,1996
DB00771,1997
DB00772,1998
DB00773,1999
DB00776,2000
DB00778,2001
DB00779,2002
DB00780,2003
DB00781,2004
DB00782,2005
DB00783,2006
DB00784,2007
DB00785,2008
DB00786,2009
DB00787,2010
DB00788,2011
DB00789,2012
DB00790,2013
DB00791,2014
DB00792,2015
DB00794,2016
DB00795,2017
DB00796,2018
DB00797,2019
DB00798,2020
DB00799,2021
DB00800,2022
DB00801,2023
DB00802,2024
DB00803,2025
DB00804,2026
DB00805,2027
DB00806,2028
DB00807,2029
DB00808,2030
DB00809,2031
DB00810,2032
DB00811,2033
DB00812,2034
DB00813,2035
DB00814,2036
DB00815,2037
DB00816,2038
DB00818,2039
DB00819,2040
DB00820,2041
DB00822,2042
DB00823,2043
DB00824,2044
DB00826,2045
DB00827,2046
DB00828,2047
DB00829,2048
DB00830,2049
DB00831,2050
DB00833,2051
DB00834,2052
DB00835,2053
DB00836,2054
DB00837,2055
DB00839,2056
DB00841,2057
DB00842,2058
DB00843,2059
DB00844,2060
DB00845,2061
DB00846,2062
DB00847,2063
DB00848,2064
DB00849,2065
DB00850,2066
DB00851,2067
DB00852,2068
DB00853,2069
DB00854,2070
DB00855,2071
DB00857,2072
DB00859,2073
DB00860,2074
DB00861,2075
DB00862,2076
DB00863,2077
DB00864,2078
DB00865,2079
DB00866,2080
DB00867,2081
DB00868,2082
DB00869,2083
DB00870,2084
DB00871,2085
DB00872,2086
DB00873,2087
DB00874,2088
DB00875,2089
DB00876,2090
DB00877,2091
DB00878,2092
DB00880,2093
DB00881,2094
DB00882,2095
DB00883,2096
DB00884,2097
DB00885,2098
DB00886,2099
DB00887,2100
DB00888,2101
DB00889,2102
DB00890,2103
DB00891,2104
DB00892,2105
DB00893,2106
DB00896,2107
DB00897,2108
DB00898,2109
DB00899,2110
DB00900,2111
DB00901,2112
DB00902,2113
DB00903,2114
DB00904,2115
DB00905,2116
DB00906,2117
DB00907,2118
DB00908,2119
DB00909,2120
DB00910,2121
DB00911,2122
DB00912,2123
DB00913,2124
DB00914,2125
DB00915,2126
DB00916,2127
DB00917,2128
DB00918,2129
DB00919,2130
DB00920,2131
DB00921,2132
DB00922,2133
DB00924,2134
DB00925,2135
DB00926,2136
DB00927,2137
DB00928,2138
DB00929,2139
DB00930,2140
DB00931,2141
DB00932,2142
DB00933,2143
DB00934,2144
DB00935,2145
DB00936,2146
DB00937,2147
DB00938,2148
DB00939,2149
DB00943,2150
DB00945,2151
DB00946,2152
DB00947,2153
DB00948,2154
DB00949,2155
DB00951,2156
DB00952,2157
DB00953,2158
DB00954,2159
DB00955,2160
DB00956,2161
DB00957,2162
DB00958,2163
DB00959,2164
DB00960,2165
DB00961,2166
DB00962,2167
DB00963,2168
DB00964,2169
DB00966,2170
DB00967,2171
DB00968,2172
DB00969,2173
DB00970,2174
DB00972,2175
DB00973,2176
DB00974,2177
DB00975,2178
DB00976,2179
DB00977,2180
DB00978,2181
DB00979,2182
DB00980,2183
DB00981,2184
DB00982,2185
DB00983,2186
DB00984,2187
DB00985,2188
DB00987,2189
DB00988,2190
DB00989,2191
DB00990,2192
DB00991,2193
DB00993,2194
DB00994,2195
DB00995,2196
DB00996,2197
DB00997,2198
DB00998,2199
DB00999,2200
DB01000,2201
DB01001,2202
DB01002,2203
DB01003,2204
DB01004,2205
DB01005,2206
DB01006,2207
DB01008,2208
DB01009,2209
DB01010,2210
DB01011,2211
DB01012,2212
DB01013,2213
DB01014,2214
DB01015,2215
DB01016,2216
DB01017,2217
DB01018,2218
DB01019,2219
DB01020,2220
DB01021,2221
DB01022,2222
DB01023,2223
DB01026,2224
DB01028,2225
DB01029,2226
DB01030,2227
DB01032,2228
DB01033,2229
DB01034,2230
DB01035,2231
DB01036,2232
DB01037,2233
DB01039,2234
DB01041,2235
DB01042,2236
DB01043,2237
DB01044,2238
DB01045,2239
DB01046,2240
DB01047,2241
DB01048,2242
DB01050,2243
DB01051,2244
DB01053,2245
DB01054,2246
DB01055,2247
DB01056,2248
DB01058,2249
DB01059,2250
DB01060,2251
DB01061,2252
DB01062,2253
DB01063,2254
DB01064,2255
DB01065,2256
DB01066,2257
DB01067,2258
DB01068,2259
DB01069,2260
DB01070,2261
DB01071,2262
DB01072,2263
DB01073,2264
DB01074,2265
DB01075,2266
DB01076,2267
DB01077,2268
DB01078,2269
DB01079,2270
DB01080,2271
DB01082,2272
DB01083,2273
DB01084,2274
DB01085,2275
DB01086,2276
DB01087,2277
DB01088,2278
DB01090,2279
DB01091,2280
DB01092,2281
DB01093,2282
DB01094,2283
DB01095,2284
DB01096,2285
DB01097,2286
DB01098,2287
DB01099,2288
DB01100,2289
DB01101,2290
DB01102,2291
DB01103,2292
DB01104,2293
DB01105,2294
DB01106,2295
DB01108,2296
DB01109,2297
DB01110,2298
DB01112,2299
DB01113,2300
DB01114,2301
DB01115,2302
DB01116,2303
DB01117,2304
DB01118,2305
DB01119,2306
DB01120,2307
DB01121,2308
DB01123,2309
DB01124,2310
DB01125,2311
DB01126,2312
DB01127,2313
DB01128,2314
DB01129,2315
DB01130,2316
DB01131,2317
DB01132,2318
DB01134,2319
DB01135,2320
DB01136,2321
DB01137,2322
DB01138,2323
DB01139,2324
DB01140,2325
DB01141,2326
DB01142,2327
DB01143,2328
DB01144,2329
DB01147,2330
DB01148,2331
DB01149,2332
DB01150,2333
DB01151,2334
DB01152,2335
DB01153,2336
DB01154,2337
DB01155,2338
DB01156,2339
DB01157,2340
DB01158,2341
DB01159,2342
DB01161,2343
DB01162,2344
DB01163,2345
DB01164,2346
DB01165,2347
DB01166,2348
DB01167,2349
DB01168,2350
DB01169,2351
DB01170,2352
DB01171,2353
DB01172,2354
DB01173,2355
DB01174,2356
DB01176,2357
DB01177,2358
DB01178,2359
DB01179,2360
DB01180,2361
DB01181,2362
DB01182,2363
DB01183,2364
DB01184,2365
DB01185,2366
DB01186,2367
DB01188,2368
DB01189,2369
DB01190,2370
DB01191,2371
DB01192,2372
DB01193,2373
DB01194,2374
DB01195,2375
DB01196,2376
DB01198,2377
DB01199,2378
DB01200,2379
DB01201,2380
DB01202,2381
DB01203,2382
DB01204,2383
DB01205,2384
DB01206,2385
DB01207,2386
DB01208,2387
DB01210,2388
DB01211,2389
DB01212,2390
DB01213,2391
DB01214,2392
DB01215,2393
DB01216,2394
DB01217,2395
DB01218,2396
DB01219,2397
DB01220,2398
DB01221,2399
DB01222,2400
DB01223,2401
DB01224,2402
DB01226,2403
DB01228,2404
DB01229,2405
DB01230,2406
DB01231,2407
DB01232,2408
DB01233,2409
DB01234,2410
DB01235,2411
DB01236,2412
DB01238,2413
DB01239,2414
DB01240,2415
DB01241,2416
DB01242,2417
DB01244,2418
DB01245,2419
DB01246,2420
DB01247,2421
DB01248,2422
DB01249,2423
DB01250,2424
DB01251,2425
DB01252,2426
DB01253,2427
DB01254,2428
DB01255,2429
DB01259,2430
DB01260,2431
DB01261,2432
DB01262,2433
DB01263,2434
DB01264,2435
DB01265,2436
DB01267,2437
DB01268,2438
DB01273,2439
DB01275,2440
DB01276,2441
DB01280,2442
DB01282,2443
DB01283,2444
DB01284,2445
DB01285,2446
DB01288,2447
DB01291,2448
DB01294,2449
DB01295,2450
DB01296,2451
DB01297,2452
DB01299,2453
DB01301,2454
DB01306,2455
DB01319,2456
DB01320,2457
DB01321,2458
DB01324,2459
DB01326,2460
DB01327,2461
DB01328,2462
DB01329,2463
DB01330,2464
DB01331,2465
DB01332,2466
DB01333,2467
DB01337,2468
DB01338,2469
DB01339,2470
DB01340,2471
DB01348,2472
DB01349,2473
DB01351,2474
DB01352,2475
DB01353,2476
DB01355,2477
DB01356,2478
DB01357,2479
DB01359,2480
DB01362,2481
DB01364,2482
DB01365,2483
DB01366,2484
DB01367,2485
DB01370,2486
DB01373,2487
DB01377,2488
DB01380,2489
DB01384,2490
DB01388,2491
DB01390,2492
DB01392,2493
DB01393,2494
DB01394,2495
DB01395,2496
DB01396,2497
DB01399,2498
DB01400,2499
DB01403,2500
DB01405,2501
DB01406,2502
DB01407,2503
DB01408,2504
DB01409,2505
DB01410,2506
DB01411,2507
DB01412,2508
DB01413,2509
DB01414,2510
DB01415,2511
DB01416,2512
DB01418,2513
DB01419,2514
DB01420,2515
DB01421,2516
DB01422,2517
DB01424,2518
DB01425,2519
DB01426,2520
DB01427,2521
DB01428,2522
DB01429,2523
DB01430,2524
DB01433,2525
DB01435,2526
DB01436,2527
DB01437,2528
DB01438,2529
DB01440,2530
DB01441,2531
DB01445,2532
DB01446,2533
DB01447,2534
DB01452,2535
DB01454,2536
DB01456,2537
DB01462,2538
DB01466,2539
DB01472,2540
DB01478,2541
DB01482,2542
DB01483,2543
DB01485,2544
DB01486,2545
DB01488,2546
DB01490,2547
DB01495,2548
DB01497,2549
DB01506,2550
DB01509,2551
DB01511,2552
DB01515,2553
DB01520,2554
DB01524,2555
DB01525,2556
DB01529,2557
DB01535,2558
DB01536,2559
DB01537,2560
DB01541,2561
DB01544,2562
DB01545,2563
DB01547,2564
DB01548,2565
DB01550,2566
DB01551,2567
DB01553,2568
DB01556,2569
DB01558,2570
DB01559,2571
DB01560,2572
DB01561,2573
DB01563,2574
DB01571,2575
DB01575,2576
DB01576,2577
DB01577,2578
DB01579,2579
DB01580,2580
DB01581,2581
DB01582,2582
DB01583,2583
DB01586,2584
DB01588,2585
DB01589,2586
DB01590,2587
DB01591,2588
DB01592,2589
DB01593,2590
DB01595,2591
DB01597,2592
DB01598,2593
DB01599,2594
DB01600,2595
DB01601,2596
DB01602,2597
DB01603,2598
DB01604,2599
DB01605,2600
DB01606,2601
DB01607,2602
DB01608,2603
DB01609,2604
DB01610,2605
DB01611,2606
DB01612,2607
DB01614,2608
DB01615,2609
DB01616,2610
DB01618,2611
DB01620,2612
DB01622,2613
DB01623,2614
DB01624,2615
DB01626,2616
DB01627,2617
DB01628,2618
DB01638,2619
DB01645,2620
DB01656,2621
DB01672,2622
DB01675,2623
DB01676,2624
DB01677,2625
DB01683,2626
DB01685,2627
DB01688,2628
DB01692,2629
DB01698,2630
DB01700,2631
DB01701,2632
DB01702,2633
DB01708,2634
DB01718,2635
DB01726,2636
DB01744,2637
DB01750,2638
DB01752,2639
DB01759,2640
DB01762,2641
DB01775,2642
DB01776,2643
DB01783,2644
DB01785,2645
DB01791,2646
DB01796,2647
DB01819,2648
DB01828,2649
DB01839,2650
DB01844,2651
DB01852,2652
DB01856,2653
DB01861,2654
DB01878,2655
DB01880,2656
DB01892,2657
DB01910,2658
DB01914,2659
DB01917,2660
DB01919,2661
DB01924,2662
DB01927,2663
DB01933,2664
DB01942,2665
DB01950,2666
DB01954,2667
DB01956,2668
DB01957,2669
DB01972,2670
DB01990,2671
DB01992,2672
DB01996,2673
DB01997,2674
DB02010,2675
DB02015,2676
DB02016,2677
DB02021,2678
DB02024,2679
DB02044,2680
DB02052,2681
DB02054,2682
DB02056,2683
DB02073,2684
DB02079,2685
DB02092,2686
DB02095,2687
DB02097,2688
DB02105,2689
DB02115,2690
DB02116,2691
DB02123,2692
DB02130,2693
DB02134,2694
DB02137,2695
DB02145,2696
DB02152,2697
DB02166,2698
DB02169,2699
DB02175,2700
DB02178,2701
DB02180,2702
DB02187,2703
DB02192,2704
DB02203,2705
DB02207,2706
DB02210,2707
DB02216,2708
DB02224,2709
DB02232,2710
DB02234,2711
DB02249,2712
DB02255,2713
DB02256,2714
DB02261,2715
DB02262,2716
DB02263,2717
DB02266,2718
DB02272,2719
DB02279,2720
DB02282,2721
DB02285,2722
DB02292,2723
DB02296,2724
DB02300,2725
DB02315,2726
DB02317,2727
DB02325,2728
DB02329,2729
DB02342,2730
DB02345,2731
DB02362,2732
DB02365,2733
DB02375,2734
DB02377,2735
DB02382,2736
DB02417,2737
DB02424,2738
DB02426,2739
DB02431,2740
DB02458,2741
DB02464,2742
DB02486,2743
DB02502,2744
DB02509,2745
DB02513,2746
DB02520,2747
DB02527,2748
DB02530,2749
DB02534,2750
DB02546,2751
DB02552,2752
DB02557,2753
DB02570,2754
DB02577,2755
DB02579,2756
DB02587,2757
DB02594,2758
DB02606,2759
DB02621,2760
DB02638,2761
DB02640,2762
DB02650,2763
DB02656,2764
DB02657,2765
DB02659,2766
DB02663,2767
DB02679,2768
DB02691,2769
DB02699,2770
DB02701,2771
DB02703,2772
DB02709,2773
DB02712,2774
DB02736,2775
DB02740,2776
DB02742,2777
DB02745,2778
DB02746,2779
DB02757,2780
DB02772,2781
DB02789,2782
DB02806,2783
DB02823,2784
DB02843,2785
DB02852,2786
DB02854,2787
DB02855,2788
DB02857,2789
DB02860,2790
DB02877,2791
DB02901,2792
DB02918,2793
DB02925,2794
DB02930,2795
DB02950,2796
DB02951,2797
DB02955,2798
DB02961,2799
DB02962,2800
DB02967,2801
DB02994,2802
DB02998,2803
DB02999,2804
DB03006,2805
DB03010,2806
DB03017,2807
DB03040,2808
DB03041,2809
DB03052,2810
DB03054,2811
DB03057,2812
DB03066,2813
DB03068,2814
DB03083,2815
DB03085,2816
DB03088,2817
DB03107,2818
DB03127,2819
DB03128,2820
DB03138,2821
DB03147,2822
DB03166,2823
DB03167,2824
DB03172,2825
DB03175,2826
DB03193,2827
DB03203,2828
DB03205,2829
DB03206,2830
DB03209,2831
DB03226,2832
DB03227,2833
DB03229,2834
DB03247,2835
DB03255,2836
DB03266,2837
DB03310,2838
DB03323,2839
DB03345,2840
DB03347,2841
DB03366,2842
DB03401,2843
DB03404,2844
DB03407,2845
DB03408,2846
DB03410,2847
DB03419,2848
DB03428,2849
DB03435,2850
DB03454,2851
DB03459,2852
DB03462,2853
DB03467,2854
DB03496,2855
DB03501,2856
DB03515,2857
DB03516,2858
DB03518,2859
DB03535,2860
DB03553,2861
DB03566,2862
DB03568,2863
DB03575,2864
DB03581,2865
DB03585,2866
DB03587,2867
DB03588,2868
DB03594,2869
DB03600,2870
DB03603,2871
DB03604,2872
DB03608,2873
DB03614,2874
DB03615,2875
DB03619,2876
DB03627,2877
DB03644,2878
DB03656,2879
DB03693,2880
DB03696,2881
DB03699,2882
DB03701,2883
DB03703,2884
DB03704,2885
DB03733,2886
DB03750,2887
DB03754,2888
DB03758,2889
DB03759,2890
DB03760,2891
DB03761,2892
DB03766,2893
DB03783,2894
DB03793,2895
DB03796,2896
DB03800,2897
DB03811,2898
DB03817,2899
DB03819,2900
DB03823,2901
DB03843,2902
DB03849,2903
DB03852,2904
DB03864,2905
DB03866,2906
DB03880,2907
DB03884,2908
DB03886,2909
DB03895,2910
DB03902,2911
DB03904,2912
DB03940,2913
DB03946,2914
DB03994,2915
DB03995,2916
DB04005,2917
DB04014,2918
DB04017,2919
DB04038,2920
DB04052,2921
DB04066,2922
DB04076,2923
DB04093,2924
DB04098,2925
DB04104,2926
DB04106,2927
DB04115,2928
DB04120,2929
DB04132,2930
DB04137,2931
DB04145,2932
DB04160,2933
DB04165,2934
DB04166,2935
DB04173,2936
DB04179,2937
DB04183,2938
DB04209,2939
DB04214,2940
DB04216,2941
DB04221,2942
DB04224,2943
DB04242,2944
DB04250,2945
DB04253,2946
DB04257,2947
DB04258,2948
DB04263,2949
DB04272,2950
DB04275,2951
DB04299,2952
DB04311,2953
DB04315,2954
DB04325,2955
DB04326,2956
DB04327,2957
DB04335,2958
DB04343,2959
DB04348,2960
DB04365,2961
DB04381,2962
DB04400,2963
DB04417,2964
DB04429,2965
DB04447,2966
DB04461,2967
DB04464,2968
DB04465,2969
DB04466,2970
DB04468,2971
DB04485,2972
DB04510,2973
DB04513,2974
DB04519,2975
DB04524,2976
DB04528,2977
DB04532,2978
DB04539,2979
DB04540,2980
DB04552,2981
DB04555,2982
DB04557,2983
DB04566,2984
DB04570,2985
DB04571,2986
DB04572,2987
DB04573,2988
DB04574,2989
DB04575,2990
DB04576,2991
DB04581,2992
DB04582,2993
DB04586,2994
DB04594,2995
DB04599,2996
DB04604,2997
DB04619,2998
DB04630,2999
DB04631,3000
DB04652,3001
DB04655,3002
DB04657,3003
DB04660,3004
DB04662,3005
DB04665,3006
DB04674,3007
DB04688,3008
DB04690,3009
DB04699,3010
DB04703,3011
DB04704,3012
DB04707,3013
DB04714,3014
DB04725,3015
DB04729,3016
DB04734,3017
DB04741,3018
DB04743,3019
DB04744,3020
DB04751,3021
DB04786,3022
DB04789,3023
DB04794,3024
DB04795,3025
DB04796,3026
DB04812,3027
DB04813,3028
DB04815,3029
DB04816,3030
DB04817,3031
DB04818,3032
DB04819,3033
DB04820,3034
DB04821,3035
DB04822,3036
DB04823,3037
DB04824,3038
DB04825,3039
DB04827,3040
DB04828,3041
DB04829,3042
DB04831,3043
DB04832,3044
DB04833,3045
DB04835,3046
DB04836,3047
DB04838,3048
DB04839,3049
DB04840,3050
DB04841,3051
DB04842,3052
DB04844,3053
DB04845,3054
DB04846,3055
DB04847,3056
DB04849,3057
DB04854,3058
DB04855,3059
DB04856,3060
DB04858,3061
DB04861,3062
DB04862,3063
DB04864,3064
DB04865,3065
DB04866,3066
DB04867,3067
DB04868,3068
DB04869,3069
DB04870,3070
DB04871,3071
DB04872,3072
DB04876,3073
DB04878,3074
DB04879,3075
DB04880,3076
DB04881,3077
DB04883,3078
DB04884,3079
DB04886,3080
DB04888,3081
DB04892,3082
DB04895,3083
DB04896,3084
DB04898,3085
DB04899,3086
DB04905,3087
DB04910,3088
DB04911,3089
DB04912,3090
DB04918,3091
DB04920,3092
DB04926,3093
DB04930,3094
DB04932,3095
DB04938,3096
DB04942,3097
DB04944,3098
DB04947,3099
DB04948,3100
DB04951,3101
DB04953,3102
DB04957,3103
DB04960,3104
DB04967,3105
DB04972,3106
DB04975,3107
DB04976,3108
DB04977,3109
DB04982,3110
DB04996,3111
DB05003,3112
DB05004,3113
DB05010,3114
DB05015,3115
DB05038,3116
DB05047,3117
DB05051,3118
DB05057,3119
DB05060,3120
DB05063,3121
DB05076,3122
DB05087,3123
DB05088,3124
DB05099,3125
DB05100,3126
DB05103,3127
DB05109,3128
DB05134,3129
DB05137,3130
DB05154,3131
DB05168,3132
DB05171,3133
DB05173,3134
DB05185,3135
DB05191,3136
DB05212,3137
DB05220,3138
DB05223,3139
DB05229,3140
DB05232,3141
DB05239,3142
DB05241,3143
DB05245,3144
DB05246,3145
DB05252,3146
DB05258,3147
DB05260,3148
DB05262,3149
DB05266,3150
DB05271,3151
DB05294,3152
DB05295,3153
DB05305,3154
DB05311,3155
DB05316,3156
DB05321,3157
DB05327,3158
DB05367,3159
DB05381,3160
DB05382,3161
DB05383,3162
DB05395,3163
DB05403,3164
DB05407,3165
DB05409,3166
DB05415,3167
DB05420,3168
DB05421,3169
DB05422,3170
DB05424,3171
DB05428,3172
DB05434,3173
DB05444,3174
DB05458,3175
DB05490,3176
DB05507,3177
DB05511,3178
DB05513,3179
DB05518,3180
DB05521,3181
DB05524,3182
DB05541,3183
DB05549,3184
DB05552,3185
DB05630,3186
DB05660,3187
DB05668,3188
DB05676,3189
DB05687,3190
DB05708,3191
DB05719,3192
DB05737,3193
DB05767,3194
DB05773,3195
DB05786,3196
DB05790,3197
DB05791,3198
DB05804,3199
DB05808,3200
DB05812,3201
DB05817,3202
DB05829,3203
DB05861,3204
DB05869,3205
DB05874,3206
DB05875,3207
DB05882,3208
DB05885,3209
DB05943,3210
DB05959,3211
DB05964,3212
DB05974,3213
DB05983,3214
DB05990,3215
DB06075,3216
DB06138,3217
DB06144,3218
DB06147,3219
DB06148,3220
DB06149,3221
DB06150,3222
DB06151,3223
DB06153,3224
DB06154,3225
DB06155,3226
DB06159,3227
DB06160,3228
DB06174,3229
DB06176,3230
DB06179,3231
DB06194,3232
DB06195,3233
DB06196,3234
DB06199,3235
DB06201,3236
DB06202,3237
DB06203,3238
DB06204,3239
DB06206,3240
DB06207,3241
DB06209,3242
DB06210,3243
DB06211,3244
DB06212,3245
DB06215,3246
DB06216,3247
DB06219,3248
DB06228,3249
DB06230,3250
DB06235,3251
DB06240,3252
DB06245,3253
DB06246,3254
DB06247,3255
DB06249,3256
DB06258,3257
DB06261,3258
DB06262,3259
DB06263,3260
DB06264,3261
DB06266,3262
DB06267,3263
DB06271,3264
DB06272,3265
DB06274,3266
DB06281,3267
DB06282,3268
DB06283,3269
DB06285,3270
DB06287,3271
DB06288,3272
DB06290,3273
DB06292,3274
DB06295,3275
DB06309,3276
DB06328,3277
DB06333,3278
DB06335,3279
DB06345,3280
DB06354,3281
DB06368,3282
DB06370,3283
DB06379,3284
DB06393,3285
DB06401,3286
DB06402,3287
DB06403,3288
DB06406,3289
DB06408,3290
DB06410,3291
DB06412,3292
DB06414,3293
DB06415,3294
DB06421,3295
DB06429,3296
DB06439,3297
DB06440,3298
DB06441,3299
DB06442,3300
DB06444,3301
DB06445,3302
DB06448,3303
DB06454,3304
DB06455,3305
DB06457,3306
DB06458,3307
DB06460,3308
DB06468,3309
DB06469,3310
DB06470,3311
DB06479,3312
DB06480,3313
DB06497,3314
DB06506,3315
DB06510,3316
DB06515,3317
DB06521,3318
DB06527,3319
DB06530,3320
DB06532,3321
DB06533,3322
DB06536,3323
DB06538,3324
DB06543,3325
DB06549,3326
DB06554,3327
DB06558,3328
DB06586,3329
DB06587,3330
DB06589,3331
DB06594,3332
DB06595,3333
DB06603,3334
DB06608,3335
DB06616,3336
DB06623,3337
DB06626,3338
DB06629,3339
DB06630,3340
DB06633,3341
DB06634,3342
DB06637,3343
DB06641,3344
DB06652,3345
DB06654,3346
DB06655,3347
DB06660,3348
DB06663,3349
DB06677,3350
DB06682,3351
DB06685,3352
DB06689,3353
DB06690,3354
DB06691,3355
DB06693,3356
DB06694,3357
DB06695,3358
DB06696,3359
DB06697,3360
DB06698,3361
DB06700,3362
DB06704,3363
DB06707,3364
DB06708,3365
DB06709,3366
DB06710,3367
DB06711,3368
DB06712,3369
DB06715,3370
DB06718,3371
DB06719,3372
DB06721,3373
DB06723,3374
DB06724,3375
DB06725,3376
DB06726,3377
DB06727,3378
DB06728,3379
DB06729,3380
DB06730,3381
DB06732,3382
DB06733,3383
DB06736,3384
DB06738,3385
DB06739,3386
DB06742,3387
DB06743,3388
DB06745,3389
DB06749,3390
DB06750,3391
DB06751,3392
DB06753,3393
DB06754,3394
DB06755,3395
DB06756,3396
DB06757,3397
DB06759,3398
DB06762,3399
DB06763,3400
DB06767,3401
DB06769,3402
DB06770,3403
DB06772,3404
DB06774,3405
DB06777,3406
DB06778,3407
DB06780,3408
DB06782,3409
DB06786,3410
DB06789,3411
DB06791,3412
DB06792,3413
DB06796,3414
DB06800,3415
DB06803,3416
DB06804,3417
DB06809,3418
DB06810,3419
DB06811,3420
DB06812,3421
DB06813,3422
DB06815,3423
DB06816,3424
DB06817,3425
DB06819,3426
DB06822,3427
DB06823,3428
DB06824,3429
DB06825,3430
DB06827,3431
DB06894,3432
DB07101,3433
DB07118,3434
DB07232,3435
DB07301,3436
DB07338,3437
DB07347,3438
DB07348,3439
DB07352,3440
DB07373,3441
DB07374,3442
DB07402,3443
DB07425,3444
DB07477,3445
DB07558,3446
DB07565,3447
DB07615,3448
DB07645,3449
DB07706,3450
DB07715,3451
DB07720,3452
DB07767,3453
DB07776,3454
DB07778,3455
DB07780,3456
DB07795,3457
DB07841,3458
DB07931,3459
DB07941,3460
DB07950,3461
DB07954,3462
DB07996,3463
DB08059,3464
DB08080,3465
DB08162,3466
DB08230,3467
DB08231,3468
DB08313,3469
DB08329,3470
DB08398,3471
DB08399,3472
DB08437,3473
DB08439,3474
DB08550,3475
DB08604,3476
DB08621,3477
DB08624,3478
DB08626,3479
DB08633,3480
DB08688,3481
DB08690,3482
DB08797,3483
DB08799,3484
DB08801,3485
DB08804,3486
DB08805,3487
DB08806,3488
DB08807,3489
DB08809,3490
DB08810,3491
DB08813,3492
DB08814,3493
DB08815,3494
DB08816,3495
DB08818,3496
DB08820,3497
DB08823,3498
DB08826,3499
DB08828,3500
DB08830,3501
DB08831,3502
DB08833,3503
DB08834,3504
DB08836,3505
DB08837,3506
DB08838,3507
DB08839,3508
DB08841,3509
DB08842,3510
DB08844,3511
DB08845,3512
DB08846,3513
DB08855,3514
DB08856,3515
DB08860,3516
DB08861,3517
DB08862,3518
DB08865,3519
DB08868,3520
DB08877,3521
DB08878,3522
DB08880,3523
DB08881,3524
DB08882,3525
DB08887,3526
DB08889,3527
DB08890,3528
DB08893,3529
DB08895,3530
DB08896,3531
DB08899,3532
DB08901,3533
DB08903,3534
DB08905,3535
DB08907,3536
DB08908,3537
DB08911,3538
DB08912,3539
DB08916,3540
DB08922,3541
DB08925,3542
DB08927,3543
DB08931,3544
DB08933,3545
DB08934,3546
DB08936,3547
DB08940,3548
DB08946,3549
DB08947,3550
DB08948,3551
DB08950,3552
DB08951,3553
DB08953,3554
DB08954,3555
DB08957,3556
DB08958,3557
DB08960,3558
DB08961,3559
DB08964,3560
DB08966,3561
DB08969,3562
DB08971,3563
DB08972,3564
DB08974,3565
DB08978,3566
DB08980,3567
DB08981,3568
DB08983,3569
DB08985,3570
DB08986,3571
DB08987,3572
DB08992,3573
DB08995,3574
DB09000,3575
DB09002,3576
DB09003,3577
DB09004,3578
DB09005,3579
DB09006,3580
DB09007,3581
DB09008,3582
DB09009,3583
DB09010,3584
DB09013,3585
DB09015,3586
DB09019,3587
DB09020,3588
DB09022,3589
DB09023,3590
DB09026,3591
DB09027,3592
DB09028,3593
DB09031,3594
DB09053,3595
DB09054,3596
DB09055,3597
DB09056,3598
DB09059,3599
DB09061,3600
DB09063,3601
DB09064,3602
DB09068,3603
DB09069,3604
DB09070,3605
DB09072,3606
DB09073,3607
DB09074,3608
DB09075,3609
DB09078,3610
DB09080,3611
DB09081,3612
DB09084,3613
DB09085,3614
DB09086,3615
DB09087,3616
DB09089,3617
DB09093,3618
DB09096,3619
DB09097,3620
DB09099,3621
DB09102,3622
DB09104,3623
DB09110,3624
DB09112,3625
DB09113,3626
DB09115,3627
DB09117,3628
DB09118,3629
DB09119,3630
DB09121,3631
DB09123,3632
DB09125,3633
DB09129,3634
DB09130,3635
DB09131,3636
DB09133,3637
DB09134,3638
DB09135,3639
DB09140,3640
DB09142,3641
DB09143,3642
DB09145,3643
DB09146,3644
DB09147,3645
DB09152,3646
DB09153,3647
DB09154,3648
DB09156,3649
DB09157,3650
DB09161,3651
DB09166,3652
DB09167,3653
DB09183,3654
DB09185,3655
DB09186,3656
DB09194,3657
DB09198,3658
DB09199,3659
DB09201,3660
DB09202,3661
DB09203,3662
DB09204,3663
DB09205,3664
DB09206,3665
DB09209,3666
DB09210,3667
DB09212,3668
DB09214,3669
DB09215,3670
DB09216,3671
DB09218,3672
DB09220,3673
DB09221,3674
DB09223,3675
DB09224,3676
DB09225,3677
DB09227,3678
DB09229,3679
DB09230,3680
DB09231,3681
DB09232,3682
DB09233,3683
DB09234,3684
DB09235,3685
DB09236,3686
DB09238,3687
DB09239,3688
DB09241,3689
DB09242,3690
DB09244,3691
DB09245,3692
DB09250,3693
DB09255,3694
DB09256,3695
DB09257,3696
DB09265,3697
DB09267,3698
DB09269,3699
DB09270,3700
DB09272,3701
DB09273,3702
DB09276,3703
DB09278,3704
DB09279,3705
DB09282,3706
DB09283,3707
DB09285,3708
DB09286,3709
DB09288,3710
DB09289,3711
DB09290,3712
DB09292,3713
DB09296,3714
DB09297,3715
DB09298,3716
DB09300,3717
DB09301,3718
DB09304,3719
DB09307,3720
DB09308,3721
DB09313,3722
DB09321,3723
DB09322,3724
DB09324,3725
DB09325,3726
DB09330,3727
DB09333,3728
DB09335,3729
DB09346,3730
DB09350,3731
DB09352,3732
DB09357,3733
DB09369,3734
DB09371,3735
DB09378,3736
DB09383,3737
DB09389,3738
DB09393,3739
DB09395,3740
DB09401,3741
DB09407,3742
DB09418,3743
DB09419,3744
DB09421,3745
DB09422,3746
DB09446,3747
DB09449,3748
DB09460,3749
DB09462,3750
DB09472,3751
DB09477,3752
DB09487,3753
DB09488,3754
DB09495,3755
DB09496,3756
DB09501,3757
DB09508,3758
DB09511,3759
DB09516,3760
DB09526,3761
DB09535,3762
DB09536,3763
DB09543,3764
DB09555,3765
DB09561,3766
DB09567,3767
DB10345,3768
DB10551,3769
DB11056,3770
DB11059,3771
DB11061,3772
DB11063,3773
DB11064,3774
DB11068,3775
DB11072,3776
DB11073,3777
DB11080,3778
DB11081,3779
DB11082,3780
DB11085,3781
DB11086,3782
DB11089,3783
DB11090,3784
DB11091,3785
DB11093,3786
DB11094,3787
DB11095,3788
DB11100,3789
DB11105,3790
DB11109,3791
DB11113,3792
DB11117,3793
DB11118,3794
DB11119,3795
DB11120,3796
DB11123,3797
DB11125,3798
DB11126,3799
DB11127,3800
DB11128,3801
DB11130,3802
DB11132,3803
DB11133,3804
DB11134,3805
DB11135,3806
DB11136,3807
DB11137,3808
DB11141,3809
DB11142,3810
DB11145,3811
DB11148,3812
DB11150,3813
DB11151,3814
DB11152,3815
DB11153,3816
DB11155,3817
DB11156,3818
DB11157,3819
DB11158,3820
DB11159,3821
DB11171,3822
DB11172,3823
DB11175,3824
DB11176,3825
DB11181,3826
DB11184,3827
DB11185,3828
DB11186,3829
DB11191,3830
DB11195,3831
DB11198,3832
DB11203,3833
DB11217,3834
DB11218,3835
DB11219,3836
DB11221,3837
DB11228,3838
DB11231,3839
DB11234,3840
DB11246,3841
DB11251,3842
DB11252,3843
DB11254,3844
DB11259,3845
DB11263,3846
DB11264,3847
DB11268,3848
DB11273,3849
DB11282,3850
DB11288,3851
DB11296,3852
DB11300,3853
DB11304,3854
DB11306,3855
DB11309,3856
DB11315,3857
DB11321,3858
DB11326,3859
DB11336,3860
DB11338,3861
DB11342,3862
DB11346,3863
DB11348,3864
DB11357,3865
DB11358,3866
DB11359,3867
DB11363,3868
DB11366,3869
DB11371,3870
DB11373,3871
DB11386,3872
DB11387,3873
DB11390,3874
DB11396,3875
DB11397,3876
DB11400,3877
DB11405,3878
DB11409,3879
DB11410,3880
DB11412,3881
DB11421,3882
DB11423,3883
DB11426,3884
DB11428,3885
DB11429,3886
DB11430,3887
DB11431,3888
DB11440,3889
DB11442,3890
DB11446,3891
DB11447,3892
DB11448,3893
DB11450,3894
DB11451,3895
DB11456,3896
DB11457,3897
DB11458,3898
DB11459,3899
DB11460,3900
DB11466,3901
DB11467,3902
DB11468,3903
DB11473,3904
DB11476,3905
DB11477,3906
DB11478,3907
DB11481,3908
DB11490,3909
DB11496,3910
DB11507,3911
DB11512,3912
DB11519,3913
DB11525,3914
DB11529,3915
DB11544,3916
DB11551,3917
DB11552,3918
DB11558,3919
DB11561,3920
DB11562,3921
DB11576,3922
DB11577,3923
DB11581,3924
DB11582,3925
DB11588,3926
DB11590,3927
DB11594,3928
DB11599,3929
DB11605,3930
DB11610,3931
DB11614,3932
DB11616,3933
DB11617,3934
DB11618,3935
DB11619,3936
DB11623,3937
DB11629,3938
DB11635,3939
DB11637,3940
DB11638,3941
DB11640,3942
DB11641,3943
DB11642,3944
DB11651,3945
DB11656,3946
DB11659,3947
DB11663,3948
DB11664,3949
DB11665,3950
DB11666,3951
DB11669,3952
DB11671,3953
DB11672,3954
DB11673,3955
DB11674,3956
DB11677,3957
DB11678,3958
DB11684,3959
DB11689,3960
DB11695,3961
DB11696,3962
DB11697,3963
DB11699,3964
DB11705,3965
DB11716,3966
DB11720,3967
DB11724,3968
DB11730,3969
DB11735,3970
DB11737,3971
DB11738,3972
DB11740,3973
DB11742,3974
DB11747,3975
DB11748,3976
DB11752,3977
DB11753,3978
DB11757,3979
DB11759,3980
DB11760,3981
DB11763,3982
DB11765,3983
DB11770,3984
DB11772,3985
DB11774,3986
DB11778,3987
DB11780,3988
DB11783,3989
DB11785,3990
DB11788,3991
DB11789,3992
DB11797,3993
DB11805,3994
DB11817,3995
DB11820,3996
DB11827,3997
DB11828,3998
DB11829,3999
DB11830,4000
DB11831,4001
DB11841,4002
DB11842,4003
DB11846,4004
DB11848,4005
DB11853,4006
DB11858,4007
DB11864,4008
DB11869,4009
DB11874,4010
DB11875,4011
DB11880,4012
DB11890,4013
DB11892,4014
DB11893,4015
DB11896,4016
DB11898,4017
DB11901,4018
DB11906,4019
DB11909,4020
DB11911,4021
DB11919,4022
DB11921,4023
DB11933,4024
DB11935,4025
DB11937,4026
DB11940,4027
DB11943,4028
DB11948,4029
DB11960,4030
DB11964,4031
DB11966,4032
DB11974,4033
DB11979,4034
DB11980,4035
DB11981,4036
DB11989,4037
DB11994,4038
DB11999,4039
DB12001,4040
DB12017,4041
DB12021,4042
DB12025,4043
DB12028,4044
DB12029,4045
DB12039,4046
DB12041,4047
DB12047,4048
DB12052,4049
DB12054,4050
DB12061,4051
DB12064,4052
DB12066,4053
DB12072,4054
DB12073,4055
DB12082,4056
DB12083,4057
DB12091,4058
DB12092,4059
DB12093,4060
DB12094,4061
DB12110,4062
DB12111,4063
DB12116,4064
DB12117,4065
DB12126,4066
DB12129,4067
DB12131,4068
DB12138,4069
DB12140,4070
DB12146,4071
DB12148,4072
DB12149,4073
DB12153,4074
DB12155,4075
DB12156,4076
DB12160,4077
DB12162,4078
DB12163,4079
DB12172,4080
DB12173,4081
DB12176,4082
DB12179,4083
DB12181,4084
DB12191,4085
DB12193,4086
DB12200,4087
DB12212,4088
DB12216,4089
DB12220,4090
DB12221,4091
DB12224,4092
DB12226,4093
DB12228,4094
DB12230,4095
DB12231,4096
DB12232,4097
DB12241,4098
DB12242,4099
DB12243,4100
DB12245,4101
DB12248,4102
DB12257,4103
DB12263,4104
DB12270,4105
DB12273,4106
DB12278,4107
DB12289,4108
DB12290,4109
DB12293,4110
DB12298,4111
DB12299,4112
DB12300,4113
DB12302,4114
DB12307,4115
DB12308,4116
DB12310,4117
DB12313,4118
DB12314,4119
DB12316,4120
DB12319,4121
DB12321,4122
DB12326,4123
DB12327,4124
DB12328,4125
DB12338,4126
DB12340,4127
DB12343,4128
DB12350,4129
DB12355,4130
DB12358,4131
DB12361,4132
DB12369,4133
DB12371,4134
DB12379,4135
DB12380,4136
DB12383,4137
DB12385,4138
DB12401,4139
DB12405,4140
DB12407,4141
DB12415,4142
DB12418,4143
DB12422,4144
DB12429,4145
DB12436,4146
DB12442,4147
DB12445,4148
DB12449,4149
DB12450,4150
DB12452,4151
DB12455,4152
DB12458,4153
DB12459,4154
DB12463,4155
DB12465,4156
DB12472,4157
DB12474,4158
DB12478,4159
DB12480,4160
DB12481,4161
DB12482,4162
DB12485,4163
DB12491,4164
DB12492,4165
DB12500,4166
DB12510,4167
DB12518,4168
DB12521,4169
DB12523,4170
DB12531,4171
DB12536,4172
DB12537,4173
DB12539,4174
DB12545,4175
DB12551,4176
DB12553,4177
DB12554,4178
DB12561,4179
DB12565,4180
DB12572,4181
DB12577,4182
DB12579,4183
DB12582,4184
DB12588,4185
DB12598,4186
DB12604,4187
DB12610,4188
DB12611,4189
DB12614,4190
DB12617,4191
DB12618,4192
DB12622,4193
DB12629,4194
DB12637,4195
DB12638,4196
DB12647,4197
DB12649,4198
DB12661,4199
DB12662,4200
DB12665,4201
DB12667,4202
DB12668,4203
DB12670,4204
DB12672,4205
DB12681,4206
DB12684,4207
DB12692,4208
DB12693,4209
DB12695,4210
DB12697,4211
DB12700,4212
DB12708,4213
DB12709,4214
DB12710,4215
DB12712,4216
DB12727,4217
DB12736,4218
DB12749,4219
DB12751,4220
DB12752,4221
DB12758,4222
DB12764,4223
DB12765,4224
DB12769,4225
DB12770,4226
DB12771,4227
DB12779,4228
DB12783,4229
DB12789,4230
DB12792,4231
DB12802,4232
DB12804,4233
DB12805,4234
DB12812,4235
DB12816,4236
DB12821,4237
DB12829,4238
DB12831,4239
DB12832,4240
DB12833,4241
DB12843,4242
DB12863,4243
DB12864,4244
DB12867,4245
DB12870,4246
DB12874,4247
DB12877,4248
DB12881,4249
DB12885,4250
DB12890,4251
DB12900,4252
DB12901,4253
DB12902,4254
DB12907,4255
DB12912,4256
DB12923,4257
DB12930,4258
DB12931,4259
DB12938,4260
DB12944,4261
DB12945,4262
DB12946,4263
DB12947,4264
DB12948,4265
DB12954,4266
DB12961,4267
DB12965,4268
DB12979,4269
DB12980,4270
DB12982,4271
DB12985,4272
DB12986,4273
DB12988,4274
DB12996,4275
DB13009,4276
DB13011,4277
DB13014,4278
DB13020,4279
DB13024,4280
DB13025,4281
DB13026,4282
DB13036,4283
DB13038,4284
DB13042,4285
DB13044,4286
DB13056,4287
DB13063,4288
DB13064,4289
DB13066,4290
DB13069,4291
DB13071,4292
DB13075,4293
DB13082,4294
DB13083,4295
DB13084,4296
DB13089,4297
DB13092,4298
DB13097,4299
DB13099,4300
DB13105,4301
DB13108,4302
DB13110,4303
DB13111,4304
DB13114,4305
DB13124,4306
DB13125,4307
DB13128,4308
DB13129,4309
DB13132,4310
DB13136,4311
DB13145,4312
DB13153,4313
DB13154,4314
DB13155,4315
DB13167,4316
DB13168,4317
DB13169,4318
DB13172,4319
DB13174,4320
DB13178,4321
DB13179,4322
DB13182,4323
DB13208,4324
DB13210,4325
DB13212,4326
DB13215,4327
DB13218,4328
DB13231,4329
DB13232,4330
DB13242,4331
DB13243,4332
DB13245,4333
DB13251,4334
DB13259,4335
DB13261,4336
DB13266,4337
DB13271,4338
DB13277,4339
DB13279,4340
DB13293,4341
DB13299,4342
DB13306,4343
DB13307,4344
DB13312,4345
DB13313,4346
DB13318,4347
DB13323,4348
DB13329,4349
DB13336,4350
DB13345,4351
DB13346,4352
DB13352,4353
DB13358,4354
DB13366,4355
DB13367,4356
DB13372,4357
DB13374,4358
DB13379,4359
DB13381,4360
DB13392,4361
DB13393,4362
DB13399,4363
DB13400,4364
DB13415,4365
DB13418,4366
DB13424,4367
DB13437,4368
DB13453,4369
DB13456,4370
DB13467,4371
DB13471,4372
DB13480,4373
DB13495,4374
DB13503,4375
DB13504,4376
DB13508,4377
DB13511,4378
DB13514,4379
DB13518,4380
DB13520,4381
DB13524,4382
DB13532,4383
DB13544,4384
DB13563,4385
DB13569,4386
DB13586,4387
DB13587,4388
DB13598,4389
DB13600,4390
DB13602,4391
DB13611,4392
DB13618,4393
DB13627,4394
DB13628,4395
DB13635,4396
DB13642,4397
DB13643,4398
DB13644,4399
DB13648,4400
DB13668,4401
DB13682,4402
DB13689,4403
DB13716,4404
DB13717,4405
DB13721,4406
DB13723,4407
DB13729,4408
DB13732,4409
DB13737,4410
DB13740,4411
DB13747,4412
DB13750,4413
DB13751,4414
DB13752,4415
DB13757,4416
DB13765,4417
DB13767,4418
DB13772,4419
DB13775,4420
DB13777,4421
DB13781,4422
DB13782,4423
DB13790,4424
DB13792,4425
DB13793,4426
DB13795,4427
DB13802,4428
DB13806,4429
DB13810,4430
DB13811,4431
DB13813,4432
DB13826,4433
DB13828,4434
DB13829,4435
DB13832,4436
DB13833,4437
DB13845,4438
DB13853,4439
DB13854,4440
DB13855,4441
DB13861,4442
DB13863,4443
DB13865,4444
DB13866,4445
DB13868,4446
DB13871,4447
DB13872,4448
DB13875,4449
DB13876,4450
DB13882,4451
DB13911,4452
DB13917,4453
DB13918,4454
DB13919,4455
DB13920,4456
DB13921,4457
DB13929,4458
DB13943,4459
DB13944,4460
DB13946,4461
DB13950,4462
DB13953,4463
DB13954,4464
DB13960,4465
DB13961,4466
DB13963,4467
DB13971,4468
DB13978,4469
DB13981,4470
DB13988,4471
DB14001,4472
DB14007,4473
DB14008,4474
DB14010,4475
DB14011,4476
DB14015,4477
DB14025,4478
DB14028,4479
DB14029,4480
DB14035,4481
DB14038,4482
DB14044,4483
DB14050,4484
DB14054,4485
DB14056,4486
DB14057,4487
DB14059,4488
DB14060,4489
DB14061,4490
DB14062,4491
DB14064,4492
DB14065,4493
DB14066,4494
DB14075,4495
DB14081,4496
DB14083,4497
DB14084,4498
DB14085,4499
DB14088,4500
DB14090,4501
DB14103,4502
DB14104,4503
DB14119,4504
DB14125,4505
DB14138,4506
DB14141,4507
DB14144,4508
DB14150,4509
DB14151,4510
DB14152,4511
DB14154,4512
DB14160,4513
DB14176,4514
DB14177,4515
DB14180,4516
DB14183,4517
DB14184,4518
DB14186,4519
DB14187,4520
DB14188,4521
DB14189,4522
DB14191,4523
DB14192,4524
DB14197,4525
DB14199,4526
DB14201,4527
DB14206,4528
DB14208,4529
DB14212,4530
DB14217,4531
DB14221,4532
DB14250,4533
DB14322,4534
DB14371,4535
DB14377,4536
DB14487,4537
DB14492,4538
DB14500,4539
DB14509,4540
DB14513,4541
DB14527,4542
DB14533,4543
DB14539,4544
DB14540,4545
DB14545,4546
DB14566,4547
DB14570,4548
DB14574,4549
DB14639,4550
DB14640,4551
DB14643,4552
DB14649,4553
DB14658,4554
DB14678,4555
DB14682,4556
DB14689,4557
DB14714,4558
DB14737,4559
DB14815,4560
DB14872,4561
DB14881,4562
DB14909,4563
DB14933,4564
DB14972,4565
DB14981,4566
DB15023,4567
DB15034,4568
DB15050,4569
DB15051,4570
DB15056,4571
DB15073,4572
DB15096,4573
DB15127,4574
DB15136,4575
DB15236,4576
DB15246,4577
DB15261,4578
DB15274,4579
DB15289,4580
DB15293,4581
DB15304,4582
DB15318,4583
DB15334,4584
DB15335,4585
DB15339,4586
DB15344,4587
DB15357,4588
DB15359,4589
DB15379,4590
DB15381,4591
DB15392,4592
DB15394,4593
DB15398,4594
DB15399,4595
DB15427,4596
DB15429,4597
DB15436,4598
DB15462,4599
DB15464,4600
